Country,Predicted_Disaster_Risk,Historical_Risk,Combined_Risk,Year
Afghanistan,0.4903526734926052,134.4418604651163,0.3441966535127982,2025
Albania,0.38412969283276455,46.72222222222222,0.26922086021909347,2025
Algeria,0.4840216154721274,97.97841726618705,0.3395073121454904,2025
American Samoa,0.4992576791808874,43.333333333333336,0.3497865094149726,2025
Angola,0.4700511945392491,83.87378640776699,0.32962837348711604,2025
Anguilla,0.4521046643913538,7.666666666666667,0.31652742724111754,2025
Antigua And Barbuda,0.4698748577929465,1.625,0.32892388047962573,2025
Argentina,0.48977246871444824,106.77165354330708,0.3435950303803157,2025
Armenia,0.48741751990898746,253.08333333333334,0.34298020417210495,2025
Australia,0.389613196814562,19.78481012658228,0.2728690101432586,2025
Austria,0.4469425483503982,68.44444444444444,0.313343318555085,2025
Azerbaijan,0.3341552901023891,34.52173913043478,0.23415258640286066,2025
Azores Islands,0.4084897610921502,48.85714285714285,0.28628799042609687,2025
Bahamas,0.46261945392491466,48.04347826086956,0.3241730271693081,2025
Bahrain,0.3862684869169511,50.85714285714285,0.2707472277644583,2025
Bangladesh,0.43834186575654155,5494.018248175183,0.34565251491548227,2025
Barbados,0.44999715585893063,15.5,0.3151075108740079,2025
Belarus,0.4625796359499431,18.0,0.3239329085139676,2025
Belgium,0.4996188850967008,71.99159663865547,0.3502418135970777,2025
Belize,0.3596160409556314,171.0909090909091,0.2529399227236496,2025
Benin,0.4601820250284414,36.271186440677965,0.3223836600499241,2025
Bermuda,0.4554038680318544,16.666666666666668,0.31890045146397167,2025
Bhutan,0.37411831626848696,39.25,0.26216010813508217,2025
Bolivia (Plurinational State Of),0.468273606370876,29.56153846153846,0.3280003658058678,2025
Bosnia And Herzegovina,0.5211405005688282,59.72222222222222,0.36522026583084355,2025
Botswana,0.4782480091012514,88.375,0.33539794309135024,2025
Brazil,0.4596843003412969,52.892682926829266,0.3221526774999616,2025
British Virgin Islands,0.489820819112628,9.0,0.34293815505334335,2025
Brunei Darussalam,0.42,,0.297134343265268,2025
Bulgaria,0.4599829351535837,135.88235294117646,0.3229480132225651,2025
Burkina Faso,0.4588794084186576,287.741935483871,0.32324837634672854,2025
Burundi,0.4765870307167235,34.07692307692308,0.33385166237183606,2025
Cabo Verde,0.5589163822525598,5337.8125,0.42895114056979633,2025
Cambodia,0.46625995449374286,79.02380952380952,0.326940242160641,2025
Cameroon,0.4648179749715586,82.41584158415841,0.3259548199482639,2025
Canada,0.44999715585893063,378.9872611464968,0.3176754140656163,2025
Canary Islands,0.378731513083049,59.94736842105263,0.26553556516550125,2025
Cayman Islands,0.3868259385665529,56.0,0.27117377630461037,2025
Central African Republic,0.30251137656427757,36.0,0.2120122902930093,2025
Chad,0.4800995449374289,224.75999999999996,0.3376575278074738,2025
Chile,0.45610068259385667,542.3805309734513,0.3231021958576468,2025
China,0.50023606370876,7023.609837898267,0.3997844528799734,2025
"China, Hong Kong Special Administrative Region",0.46867178612059157,326.9605263157895,0.33038010559105685,2025
"China, Macao Special Administrative Region",0.42012514220705344,10.0,0.29415824584994155,2025
Colombia,0.4778327645051194,142.88111888111888,0.3354923374639648,2025
Comoros,0.4893799772468714,48.6764705882353,0.34290986535158025,2025
Congo,0.4598521046643914,125.73469387755102,0.3227847424184018,2025
Cook Islands,0.3699971558589306,8.0,0.25905452614525476,2025
Costa Rica,0.5129067121729238,54.087719298245624,0.359416808272499,2025
Croatia,0.3831399317406144,168.9047619047619,0.269391201951048,2025
Cuba,0.5293458475540387,81.84146341463415,0.3711202729864649,2025
Curaçao,0.46953924914675765,24.0,0.3288470255347404,2025
Cyprus,0.48616040955631395,48.214285714285715,0.3406529028028327,2025
Czechia,0.4962599544937429,54.42857142857143,0.3477664858914284,2025
Czechoslovakia,0.503273606370876,39.25,0.35256881120675454,2025
Côte D’Ivoire,0.41028441410693967,31.203125,0.2874195284234411,2025
Democratic People'S Republic Of Korea,0.458273606370876,95.26190476190477,0.3214645146175219,2025
Democratic Republic Of The Congo,0.42198805460750854,90.94207317073169,0.296034110369149,2025
Denmark,0.41045790671217286,44.294117647058826,0.2876334562730395,2025
Djibouti,0.4743714448236632,40.17391304347826,0.3323438252279723,2025
Dominica,0.4898378839590444,21.571428571428577,0.34303891294355426,2025
Dominican Republic,0.4997980659840728,83.37931034482759,0.3504476902078167,2025
Ecuador,0.43986063708759954,133.848,0.3088480326245394,2025
Egypt,0.38940557451649604,76.3048780487805,0.27312296793034113,2025
El Salvador,0.32013936291240047,122.04285714285714,0.22495974172960972,2025
Equatorial Guinea,0.4494368600682594,28.0,0.3148036117017933,2025
Eritrea,0.47303469852104657,37.8,0.3313913319976483,2025
Estonia,0.48004550625711034,131.1,0.33695802743858183,2025
Eswatini,0.37136803185438,70.27272727272727,0.2604540731505044,2025
Ethiopia,0.4901023890784983,3298.0708661417325,0.36637132438842873,2025
Fiji,0.4808361774744027,15.159090909090908,0.3366924176080769,2025
Finland,0.4739163822525597,88.2857142857143,0.3323651735266857,2025
France,0.3536234357224118,205.22522522522522,0.24898624539126923,2025
French Guiana,0.440358361774744,10.0,0.3083214995473249,2025
French Polynesia,0.45497155858930605,8.5,0.31854014037176775,2025
Gabon,0.3845250284414107,24.176470588235293,0.26933831774049755,2025
Gambia,0.4283759954493743,112.5,0.30065796774585885,2025
Georgia,0.5399374288964733,24.208333333333332,0.3781272231575622,2025
German Democratic Republic,0.4753612059158134,84.16666666666667,0.3333474505415211,2025
Germany,0.48950796359499427,294.89285714285717,0.3447388835894224,2025
Germany Federal Republic,0.5003811149032992,51.875,0.3506332581395185,2025
Ghana,0.4478384527872583,40.674698795180724,0.31377426866878444,2025
Greece,0.4703811149032992,137.62878787878788,0.33023907696489324,2025
Grenada,0.477693401592719,13.5,0.3344807536266589,2025
Guadeloupe,0.3594709897610921,195.9090909090909,0.2530137181717097,2025
Guam,0.5199971558589307,35.42857142857143,0.3642482988675519,2025
Guatemala,0.4696615472127417,658.233870967742,0.3334132621301651,2025
Guinea,0.43924630261660974,72.62337662337663,0.30798546915316355,2025
Guinea-Bissau,0.4178526734926052,134.5,0.2934470642471297,2025
Guyana,0.43446245733788397,311.6666666666667,0.3063255299758152,2025
Haiti,0.4672184300341297,1585.888888888889,0.3382566200386068,2025
Honduras,0.45788111490329925,341.47727272727275,0.3229291911884176,2025
Hungary,0.4728555176336746,131.0,0.3319243289391267,2025
Iceland,0.46995164960182023,10.2,0.3290382139523784,2025
India,0.48988054607508535,5928.357235142119,0.38479803559330955,2025
Indonesia,0.4965728100113766,344.37819650067297,0.3500338717186407,2025
Iran (Islamic Republic Of),0.43613481228668943,434.45641025641027,0.3083636426076815,2025
Iraq,0.4700625711035267,67.0,0.3295171300159966,2025
Ireland,0.49176621160409556,27.608695652173914,0.34443139335624795,2025
Israel,0.4807337883959044,19.65,0.3366524718664663,2025
Italy,0.45017918088737197,800.6954732510288,0.32078204428303503,2025
Jamaica,0.4659584755403868,62.53061224489796,0.32661268854874576,2025
Japan,0.36308873720136514,623.0444444444445,0.2585636948262929,2025
Jordan,0.36065415244596133,35.416666666666664,0.2527081123757294,2025
Kazakhstan,0.37768486916951083,35.65625,0.264631306649938,2025
Kenya,0.477858361774744,58.50980392156863,0.3349142033876785,2025
Kiribati,0.4774886234357224,33.333333333333336,0.33447752408835285,2025
Kuwait,0.5003953356086462,22.4,0.35043498264926165,2025
Kyrgyzstan,0.43985779294653016,29.22222222222222,0.3081068992649722,2025
Lao People'S Democratic Republic,0.48513936291240045,43.707317073170735,0.3399063300839668,2025
Latvia,0.38935722411831625,42.22222222222222,0.27284834128172786,2025
Lebanon,0.46548350398179744,59.0,0.3262552659867828,2025
Lesotho,0.48993742889647324,20.625,0.34310190823160236,2025
Liberia,0.48868316268486917,251.3913043478261,0.34385420055564353,2025
Libya,0.48207337883959045,238.075,0.33913327709409996,2025
Liechtenstein,0.44009385665529016,1.0,0.3080727642892035,2025
Lithuania,0.4687571103526735,78.2857142857143,0.3286830368917612,2025
Luxembourg,0.49,56.4,0.34339844516022344,2025
Madagascar,0.35973833902161545,60.43,0.252243752936271,2025
Malawi,0.398452787258248,95.04166666666667,0.27958838533791736,2025
Malaysia,0.458839590443686,31.398058252427184,0.3214095289905642,2025
Maldives,0.4803811149032992,62.666666666666664,0.33670949727700217,2025
Mali,0.47207337883959044,70.21917808219177,0.3309474377349069,2025
Malta,0.48773606370875994,48.333333333333336,0.3417567017369854,2025
Marshall Islands,0.44611774744027305,6.0,0.3123248109911936,2025
Martinique,0.49936575654152443,2736.7272727272725,0.3688899965412979,2025
Mauritania,0.48323947667804323,26.214285714285715,0.33845282791703396,2025
Mauritius,0.4694766780432309,15.9375,0.328746267178862,2025
Mayotte,0.4760182025028441,24.75,0.3333875913568762,2025
Mexico,0.3305716723549488,72.48036951501155,0.23191221767762138,2025
Micronesia (Federated States Of),0.483080204778157,15.4,0.33826493865441626,2025
Mongolia,0.48420364050056885,55.4375,0.339334193803765,2025
Montenegro,0.45780432309442554,48.0,0.32080212843011785,2025
Montserrat,0.45631683731513084,21.5,0.31957367567635053,2025
Morocco,0.43551763367463026,159.0681818181818,0.3059861015011597,2025
Mozambique,0.4302957906712173,828.5151515151514,0.3070602068793032,2025
Myanmar,0.45509101251422074,1143.8370370370371,0.32664449477931246,2025
Namibia,0.4398037542662116,34.68421052631579,0.3081076591179152,2025
Nepal,0.45999715585893064,133.77358490566039,0.322943070049326,2025
Netherlands (Kingdom Of The),0.420150739476678,158.53658536585365,0.2952255200300821,2025
Netherlands Antilles,0.4456712172923777,9.333333333333334,0.3120357886560017,2025
New Caledonia,0.49685153583617747,2.0,0.34781020434632504,2025
New Zealand,0.46852104664391353,240.6969696969697,0.3296651678042185,2025
Nicaragua,0.3681854379977247,274.703125,0.259670482673842,2025
Niger,0.4410807736063709,2032.1958762886597,0.3231132544949091,2025
Nigeria,0.3799829351535836,101.34046692607004,0.2667039875610809,2025
Niue,0.39026734926052337,1.0,0.27319420911286674,2025
North Macedonia,0.39202502844141074,20.842105263157894,0.27456476168152244,2025
Northern Mariana Islands,0.3602844141069397,2.5,0.25221675145110883,2025
Norway,0.3764590443686007,36.75,0.26378095622891073,2025
Oman,0.4666439135381115,21.65,0.3268036887270121,2025
Pakistan,0.45584470989761094,387.6181818181818,0.32182967615811636,2025
Palau,0.4036006825938566,1.0,0.2825275424462001,2025
Panama,0.4664448236632537,14.673076923076923,0.3266150364310433,2025
Papua New Guinea,0.48976962457337886,171.955223880597,0.344053537320698,2025
Paraguay,0.47288964732650735,33.44,0.33125899437248907,2025
People'S Democratic Republic Of Yemen,0.48052332195676906,170.0,0.33756731255480904,2025
Peru,0.47,284.6795580110497,0.33101115588836993,2025
Philippines,0.4898549488054607,112.62729658792651,0.343694134398477,2025
Poland,0.5016552901023891,83.30864197530866,0.3517472478447194,2025
Portugal,0.4201422070534699,153.3548387096774,0.29518294020836366,2025
Puerto Rico,0.47072241183162683,52.27777777777778,0.3298750114655217,2025
Qatar,0.4667064846416382,18.0,0.3268217025981542,2025
Republic Of Korea,0.45,71.64021164021165,0.3155061116242097,2025
Republic Of Moldova,0.4484556313993174,9.454545454545457,0.3139857348497079,2025
Romania,0.48995733788395907,153.5686274509804,0.34405504212816856,2025
Russian Federation,0.4043458475540387,208.08206686930092,0.2845121162040216,2025
Rwanda,0.47627133105802044,28.844827586206897,0.3335937097893591,2025
Réunion,0.46675483503981796,22.53846153846154,0.3268876104306896,2025
Saint Barthélemy,0.4545051194539249,4.0,0.3181818421397491,2025
Saint Helena,0.48147610921501705,,0.3401676197157799,2025
Saint Kitts And Nevis,0.42766496018202504,3.0,0.2993866660189187,2025
Saint Lucia,0.48028441410693967,6.0,0.3362414776578602,2025
Saint Martin (French Part),0.45399032992036403,12.0,0.3178780065102598,2025
Saint Vincent And The Grenadines,0.43472127417519907,172.7,0.3055249536100613,2025
Samoa,0.4678839590443686,59.333333333333336,0.32793793940741606,2025
Sao Tome And Principe,0.48016211604095566,41.166666666666664,0.3364043085176027,2025
Saudi Arabia,0.5003782707622297,111.75949367088607,0.35105432906125933,2025
Senegal,0.4796843003412969,38.14285714285715,0.33604847543085226,2025
Serbia,0.4197212741751991,203.83333333333334,0.2952448991063076,2025
Serbia Montenegro,0.4585978384527873,12.125,0.32110414556176864,2025
Seychelles,0.38626279863481233,4.0,0.27041221756637024,2025
Sierra Leone,0.49,149.4285714285714,0.34405565764334795,2025
Singapore,0.45006257110352677,8.0,0.31510031681647205,2025
Sint Maarten (Dutch Part),0.492636518771331,4.0,0.34487382166193337,2025
Slovakia,0.35438282138794086,49.37931034482759,0.2484168215535102,2025
Slovenia,0.5301137656427759,65.53846153846153,0.3715426409642781,2025
Solomon Islands,0.48207622298065983,40.61904761904761,0.33774031464916926,2025
Somalia,0.46657565415244595,546.436170212766,0.33046332754132807,2025
South Africa,0.4909357224118316,27.308474576271188,0.34384792997069347,2025
South Sudan,0.33381683731513084,61.86363636363637,0.2341088298529128,2025
Soviet Union,0.4703412969283276,42465.06593406594,0.6292389078498294,2025
Spain,0.48764220705346983,316.7124183006536,0.3435870011476163,2025
Sri Lanka,0.4303839590443686,324.25984251968504,0.3035595473045829,2025
State Of Palestine,0.4102701934015927,7.125,0.2872394708734304,2025
Sudan,0.5404351535836178,1021.2060606060606,0.3855190509915002,2025
Suriname,0.48375995449374287,35.666666666666664,0.33888393996680155,2025
Sweden,0.4553213879408418,15.5,0.3188344733313458,2025
Switzerland,0.36,55.0,0.2523885546775229,2025
Syrian Arab Republic,0.44,149.37777777777777,0.30905529880497334,2025
Taiwan (Province Of China),0.41,108.17142857142858,0.28776419117355934,2025
Tajikistan,0.3601109215017064,48.50980392156863,0.2524203488915481,2025
Thailand,0.42906996587030716,81.37280701754386,0.30092384492357566,2025
Timor-Leste,0.42622013651877133,11.625,0.2984362218927073,2025
Togo,0.4687400455062571,55.285714285714285,0.32850860499776013,2025
Tokelau,0.4643003412969283,,0.3281445821731178,2025
Tonga,0.4691097838452787,9.636363636363637,0.32844492604015363,2025
Trinidad And Tobago,0.48481797497155854,9.875,0.3394423457062826,2025
Tunisia,0.4636689419795222,39.93846153846154,0.32485040985918984,2025
Turkmenistan,0.45,22.0,0.31515542187100914,2025
Turks And Caicos Islands,0.47819681456200225,37.5,0.3350026938371672,2025
Tuvalu,0.4127616609783845,12.0,0.28901793825087413,2025
Türkiye,0.44290955631399315,442.77183098591547,0.3131647088017036,2025
Uganda,0.39594141069397043,1259.311377245509,0.2860555570509894,2025
Ukraine,0.42987201365187716,35.88235294117647,0.30116390512132896,2025
United Arab Emirates,0.3999829351535837,30.357142857142858,0.2802025166048426,2025
United Kingdom Of Great Britain And Northern Ireland,0.4878668941979522,123.16666666666667,0.34237695292853454,2025
United Republic Of Tanzania,0.48427474402730375,79.82352941176471,0.3395562445596459,2025
United States Of America,0.48996871444823664,53.69037294015612,0.34335740276001736,2025
United States Virgin Islands,0.48774744027303757,6.4,0.34146842182632886,2025
Uruguay,0.46003981797497157,9.590909090909092,0.32209562881137044,2025
Uzbekistan,0.49957053469852103,19.428571428571423,0.34983662996725856,2025
Vanuatu,0.4604067121729238,15.764705882352942,0.32239607034305323,2025
Venezuela (Bolivarian Republic Of),0.48931740614334474,319.0283018867925,0.34477600137234676,2025
Viet Nam,0.4622184300341297,91.58308157099698,0.3241999016552794,2025
Wallis And Futuna Islands,0.4608503981797497,3.0,0.322616472617326,2025
Yemen,0.47975255972696246,58.72727272727273,0.33624167829098905,2025
Yemen Arab Republic,0.4062343572241183,571.4,0.2884007799248208,2025
Yugoslavia,0.4299800910125142,84.82142857142857,0.30158529576013454,2025
Zambia,0.48931740614334474,52.76119402985075,0.342894922640923,2025
Zimbabwe,0.4700483503981797,118.1590909090909,0.32986859559626364,2025
Afghanistan,0.490179180887372,134.4418604651163,0.344075208689135,2026
Albania,0.47996871444823663,46.72222222222222,0.3363081753499239,2026
Algeria,0.47644197952218426,97.97841726618705,0.3342015669805302,2026
American Samoa,0.4446757679180887,43.333333333333336,0.3115791715310135,2026
Angola,0.45018486916951084,83.87378640776699,0.3157219457282993,2026
Anguilla,0.4798947667804323,7.666666666666667,0.3359804989134725,2026
Antigua And Barbuda,0.48919795221843004,1.625,0.3424500465774642,2026
Argentina,0.5414192263936292,106.77165354330708,0.3797477607557424,2026
Armenia,0.41091012514220704,253.08333333333334,0.2894250278353587,2026
Australia,0.38745449374288965,19.78481012658228,0.27135791799308795,2026
Austria,0.3601023890784983,68.44444444444444,0.2525552070647551,2026
Azerbaijan,0.5092121729237771,34.52173913043478,0.35669240437783223,2026
Azores Islands,0.5073606370875996,48.85714285714285,0.3554976036229114,2026
Bahamas,0.5220875995449374,48.04347826086956,0.36580072910332406,2026
Bahrain,0.4258589306029579,50.85714285714285,0.29846053834466313,2026
Bangladesh,0.439792377701934,5494.018248175183,0.34666787327725707,2026
Barbados,0.47774744027303756,15.5,0.33453270996388274,2026
Belarus,0.4867576791808874,18.0,0.34085753877562863,2026
Belgium,0.47348691695108075,71.99159663865547,0.33194943589514364,2026
Belize,0.45001422070534697,171.0909090909091,0.3162186485484505,2026
Benin,0.49328213879408417,36.271186440677965,0.345553739685874,2026
Bermuda,0.4810722411831627,16.666666666666668,0.3368683126698875,2026
Bhutan,0.489792377701934,39.25,0.34313195113849515,2026
Bolivia (Plurinational State Of),0.4601393629124005,29.56153846153846,0.3223063953849349,2026
Bosnia And Herzegovina,0.4743714448236632,59.72222222222222,0.332481926809228,2026
Botswana,0.47456200227531287,88.375,0.3328177383131933,2026
Brazil,0.4272411831626849,52.892682926829266,0.2994424954749332,2026
British Virgin Islands,0.4460978384527873,9.0,0.31233206859145485,2026
Brunei Darussalam,0.41476393629124003,,0.293469098669136,2026
Bulgaria,0.44928612059158135,135.88235294117646,0.31546024302916353,2026
Burkina Faso,0.5183105802047782,287.741935483871,0.36485019659701295,2026
Burundi,0.4537599544937429,34.07692307692308,0.31787270901574965,2026
Cabo Verde,0.4003014789533561,5337.8125,0.31792070826035373,2026
Cambodia,0.4490244596131968,79.02380952380952,0.3148753957442588,2026
Cameroon,0.4716894197952218,82.41584158415841,0.3307648313248282,2026
Canada,0.49224687144482365,378.9872611464968,0.34725021497574143,2026
Canary Islands,0.3687428896473265,59.94736842105263,0.25854352876049563,2026
Cayman Islands,0.5283674630261661,56.0,0.3702528434263396,2026
Central African Republic,0.46957337883959044,36.0,0.32895569188572826,2026
Chad,0.46,224.75999999999996,0.32358784635127363,2026
Chile,0.46976393629123997,542.3805309734513,0.3326664734458152,2026
China,0.476740614334471,7023.609837898267,0.3833376383179712,2026
"China, Hong Kong Special Administrative Region",0.4439163822525597,326.9605263157895,0.31305132288343457,2026
"China, Macao Special Administrative Region",0.4810238907849829,10.0,0.33678736985449215,2026
Colombia,0.4755034129692832,142.88111888111888,0.3338617913888795,2026
Comoros,0.4893742889647326,48.6764705882353,0.3429058835540831,2026
Congo,0.3698976109215017,125.73469387755102,0.2598165967983791,2026
Cook Islands,0.4801393629124004,8.0,0.33615407108268364,2026
Costa Rica,0.49341296928327644,54.087719298245624,0.34577118824974584,2026
Croatia,0.4452559726962457,168.9047619047619,0.31287243061999,2026
Cuba,0.4514647326507395,81.84146341463415,0.31660349255415543,2026
Curaçao,0.5037172923777019,24.0,0.35277165579640135,2026
Cyprus,0.47841012514220704,48.214285714285715,0.33522770371295785,2026
Czechia,0.47031001137656425,54.42857142857143,0.3296015257094033,2026
Czechoslovakia,0.3963367463026166,39.25,0.27771300915897296,2026
Côte D’Ivoire,0.43059442548350396,31.203125,0.3016365363870361,2026
Democratic People'S Republic Of Korea,0.46466723549488054,95.26190476190477,0.32594005500432505,2026
Democratic Republic Of The Congo,0.4786120591581342,90.94207317073169,0.335670913554587,2026
Denmark,0.4632480091012514,44.294117647058826,0.32458652794539444,2026
Djibouti,0.45970989761092157,40.17391304347826,0.3220807421790531,2026
Dominica,0.39918657565415244,21.571428571428577,0.27958299713012996,2026
Dominican Republic,0.45282992036405006,83.37931034482759,0.3175699882738008,2026
Ecuador,0.48203924914675766,133.848,0.3383730610659501,2026
Egypt,0.45785551763367466,76.3048780487805,0.3210379281123662,2026
El Salvador,0.47996871444823663,122.04285714285714,0.33684028780469494,2026
Equatorial Guinea,0.480221843003413,28.0,0.3363530997564007,2026
Eritrea,0.47639647326507395,37.8,0.3337445743184675,2026
Estonia,0.4400199089874858,131.1,0.3089401093498446,2026
Eswatini,0.4150312855517634,70.27272727272727,0.2910183507386727,2026
Ethiopia,0.43015927189988623,3298.0708661417325,0.3244111423634003,2026
Fiji,0.4534015927189989,15.159090909090908,0.3174882082792942,2026
Finland,0.46577645051194544,88.2857142857143,0.32666722130825565,2026
France,0.48024175199089875,205.22522522522522,0.33761906677921005,2026
French Guiana,0.45997440273037543,10.0,0.32205272821626696,2026
French Polynesia,0.4360665529010239,8.5,0.3053066363899702,2026
Gabon,0.4644141069397042,24.176470588235293,0.32526067268930303,2026
Gambia,0.44904152445961315,112.5,0.31512383805302613,2026
Georgia,0.4944084186575654,24.208333333333332,0.3462569159903267,2026
German Democratic Republic,0.4601848691695108,84.16666666666667,0.3227240148191093,2026
Germany,0.3822042093287827,294.89285714285717,0.26962625560307424,2026
Germany Federal Republic,0.439778156996587,51.875,0.30821118760481997,2026
Ghana,0.4271245733788396,40.674698795180724,0.29927455308289136,2026
Greece,0.44644197952218434,137.62878787878788,0.31348168219811284,2026
Grenada,0.465637087599545,13.5,0.3260413338314371,2026
Guadeloupe,0.48441126279863483,195.9090909090909,0.3404719092979896,2026
Guam,0.4825,35.42857142857143,0.3380002897663005,2026
Guatemala,0.4269596131968146,658.233870967742,0.30352190831901615,2026
Guinea,0.4929607508532423,72.62337662337663,0.3455855829188063,2026
Guinea-Bissau,0.45962172923777017,134.5,0.3226854032687451,2026
Guyana,0.3802645051194539,311.6666666666667,0.2683869634229142,2026
Haiti,0.4608418657565415,1585.888888888889,0.3337930250442951,2026
Honduras,0.46991183162684863,341.47727272727275,0.3313506928949022,2026
Hungary,0.47750568828213874,131.0,0.33517944839305164,2026
Iceland,0.39277019340159275,10.2,0.2750111946122191,2026
India,0.412693401592719,5928.357235142119,0.3307670344556531,2026
Indonesia,0.46434015927189987,344.37819650067297,0.327471016201007,2026
Iran (Islamic Republic Of),0.5489505119453926,434.45641025641027,0.3873346323687737,2026
Iraq,0.47011660978384523,67.0,0.3295549570922196,2026
Ireland,0.49106939704209324,27.608695652173914,0.3439436231628463,2026
Israel,0.46,19.65,0.3221388199893332,2026
Italy,0.4981086461888509,800.6954732510288,0.3543326699940703,2026
Jamaica,0.5018543799772469,62.53061224489796,0.3517398216545478,2026
Japan,0.4698862343572241,623.0444444444445,0.3333219428353941,2026
Jordan,0.5359897610921502,35.416666666666664,0.37544303842806154,2026
Kazakhstan,0.4900255972696246,35.65625,0.34326981632001763,2026
Kenya,0.43007963594994314,58.50980392156863,0.30146909531031785,2026
Kiribati,0.3702815699658703,33.333333333333336,0.2594325866594564,2026
Kuwait,0.369613196814562,22.4,0.25888748549340274,2026
Kyrgyzstan,0.40007394766780435,29.22222222222222,0.2802582075698641,2026
Lao People'S Democratic Republic,0.4624687144482366,43.707317073170735,0.32403687615905213,2026
Latvia,0.5158845278725825,42.22222222222222,0.3614174539097142,2026
Lebanon,0.4300028441410694,59.0,0.30141880409827315,2026
Lesotho,0.45736348122866893,20.625,0.3203001448641394,2026
Liberia,0.48289817974971555,251.3913043478261,0.339804712501036,2026
Libya,0.4497866894197952,238.075,0.31653259450024335,2026
Liechtenstein,0.4299914675767918,1.0,0.30100109193425467,2026
Lithuania,0.36124288964732654,78.2857142857143,0.2534230823980183,2026
Luxembourg,0.4677986348122867,56.4,0.3278574895288241,2026
Madagascar,0.479183731513083,60.43,0.3358555276802983,2026
Malawi,0.47717007963594993,95.04166666666667,0.33469049000230866,2026
Malaysia,0.4455972696245734,31.398058252427184,0.3121399044171853,2026
Maldives,0.47408703071672353,62.666666666666664,0.3323036383463992,2026
Mali,0.4849744027303754,70.21917808219177,0.3399781544584564,2026
Malta,0.48943117178612056,48.333333333333336,0.3429432773911379,2026
Marshall Islands,0.470179180887372,6.0,0.3291678144041628,2026
Martinique,0.3861945392491468,2736.7272727272725,0.28967014443663347,2026
Mauritania,0.4393430034129693,26.214285714285715,0.3077252966314823,2026
Mauritius,0.4090728100113766,15.9375,0.286463559556564,2026
Mayotte,0.3793714448236633,24.75,0.2657348609814495,2026
Mexico,0.5032337883959045,72.48036951501155,0.35277569890629024,2026
Micronesia (Federated States Of),0.4941496018202503,15.4,0.34601351658388163,2026
Mongolia,0.36070534698521045,55.4375,0.25288538834301416,2026
Montenegro,0.5522497155858931,48.0,0.38691390317414515,2026
Montserrat,0.4942377701934016,21.5,0.34611832869114,2026
Morocco,0.5004379977246871,159.0681818181818,0.35143035633619946,2026
Mozambique,0.4603071672354949,828.5151515151514,0.3280681704742976,2026
Myanmar,0.49543799772468716,1143.8370370370371,0.3548873844266389,2026
Namibia,0.4382764505119454,34.68421052631579,0.30703854648992884,2026
Nepal,0.46345847554038677,133.77358490566039,0.3253659938263453,2026
Netherlands (Kingdom Of The),0.47408987485779297,158.53658536585365,0.3329829147968625,2026
Netherlands Antilles,0.46,9.333333333333334,0.32206593655133725,2026
New Caledonia,0.470179180887372,2.0,0.32913955588216115,2026
New Zealand,0.4566609783845279,240.6969696969697,0.32136312002264855,2026
Nicaragua,0.49,274.703125,0.3449406760754347,2026
Niger,0.3641240045506257,2032.1958762886597,0.2692435161558875,2026
Nigeria,0.4333731513083049,101.34046692607004,0.30407713886938575,2026
Niue,0.4297838452787258,1.0,0.3008557563256085,2026
North Macedonia,0.48436006825938566,20.842105263157894,0.33919928955410494,2026
Northern Mariana Islands,0.3719368600682594,2.5,0.26037346362403263,2026
Norway,0.41,36.75,0.28725962517089026,2026
Oman,0.49437144482366324,21.65,0.3462129606268983,2026
Pakistan,0.3924232081911263,387.6181818181818,0.27743462496357707,2026
Palau,0.5013139931740614,1.0,0.3509268598523434,2026
Panama,0.4702758816837315,14.673076923076923,0.3292967770453778,2026
Papua New Guinea,0.4693003412969283,171.955223880597,0.32972503902718264,2026
Paraguay,0.37896757679180887,33.44,0.2655135449982001,2026
People'S Democratic Republic Of Yemen,0.47988054607508535,170.0,0.3371173694376305,2026
Peru,0.47270762229806595,284.6795580110497,0.3329064914970161,2026
Philippines,0.4597866894197953,112.62729658792651,0.32264635282851123,2026
Poland,0.48050625711035266,83.30864197530866,0.33694292475029386,2026
Portugal,0.44,153.3548387096774,0.3090833952709348,2026
Puerto Rico,0.4694567690557451,52.27777777777778,0.3289890615224045,2026
Qatar,0.47999715585893055,18.0,0.33612517245025886,2026
Republic Of Korea,0.4220051194539249,71.64021164021165,0.29590969524195715,2026
Republic Of Moldova,0.45035267349260527,9.454545454545457,0.3153136643150094,2026
Romania,0.41113196814562003,153.5686274509804,0.2888772833113313,2026
Russian Federation,0.390042662116041,208.08206686930092,0.27449988639742323,2026
Rwanda,0.3998976109215018,28.844827586206897,0.28013210569379593,2026
Réunion,0.4597866894197953,22.53846153846154,0.3220099084966737,2026
Saint Barthélemy,0.4112343572241183,4.0,0.2878923085788845,2026
Saint Helena,0.4793714448236633,,0.33869435464183223,2026
Saint Kitts And Nevis,0.43274459613196814,3.0,0.3029424111838789,2026
Saint Lucia,0.4595506257110353,6.0,0.3217278257807271,2026
Saint Martin (French Part),0.47,12.0,0.32908477556600496,2026
Saint Vincent And The Grenadines,0.49997440273037547,172.7,0.35120214359868474,2026
Samoa,0.4787087599544937,59.333333333333336,0.33551530004450364,2026
Sao Tome And Principe,0.4549431171786121,41.166666666666664,0.3187510093139623,2026
Saudi Arabia,0.4895420932878271,111.75949367088607,0.34346900482917736,2026
Senegal,0.4328953356086462,38.14285714285715,0.3032962001179968,2026
Serbia,0.49,203.83333333333334,0.3444400071836682,2026
Serbia Montenegro,0.4781484641638225,12.125,0.33478958355949334,2026
Seychelles,0.4990500568828214,4.0,0.34936329833997665,2026
Sierra Leone,0.4,149.4285714285714,0.28105565764334794,2026
Singapore,0.47027303754266214,8.0,0.3292476433238668,2026
Sint Maarten (Dutch Part),0.40024175199089873,4.0,0.2801974849156308,2026
Slovakia,0.4596302616609784,49.37931034482759,0.3220900297446365,2026
Slovenia,0.41123435722411833,65.53846153846153,0.2883270550712178,2026
Solomon Islands,0.44005403868031856,40.61904761904761,0.30832478563893034,2026
Somalia,0.40706200227531286,546.436170212766,0.28880377122733486,2026
South Africa,0.4870079635949943,27.308474576271188,0.34109849879890736,2026
South Sudan,0.4928071672354949,61.86363636363637,0.34540206079716756,2026
Soviet Union,0.5356626848691696,42465.06593406594,0.6749638794084186,2026
Spain,0.4465301478953356,316.7124183006536,0.31480855973692234,2026
Sri Lanka,0.5095904436860068,324.25984251968504,0.3590040865537296,2026
State Of Palestine,0.43982366325369743,7.125,0.3079268997699037,2026
Sudan,0.46856086461888513,1021.2060606060606,0.3352070487161873,2026
Suriname,0.39476393629124007,35.666666666666664,0.2765867272250495,2026
Sweden,0.46612912400455064,15.5,0.3263998885759419,2026
Switzerland,0.47666951080773606,55.0,0.3340572122429381,2026
Syrian Arab Republic,0.47705062571103524,149.37777777777777,0.334990736802698,2026
Taiwan (Province Of China),0.4838879408418657,108.17142857142858,0.33948574976286533,2026
Tajikistan,0.36406996587030716,48.50980392156863,0.2551916799495686,2026
Thailand,0.4836063708759954,81.37280701754386,0.3390993284275574,2026
Timor-Leste,0.3905489192263937,11.625,0.27346636978804284,2026
Togo,0.47917804323094426,55.285714285714285,0.33581520340504106,2026
Tokelau,0.49565415244596134,,0.3500922499774409,2026
Tonga,0.47211035267349255,9.636363636363637,0.33054532421990335,2026
Trinidad And Tobago,0.5107480091012514,9.875,0.3575933695970676,2026
Tunisia,0.43900455062571103,39.93846153846154,0.307585335911522,2026
Turkmenistan,0.49080204778157,22.0,0.3437168553181081,2026
Turks And Caicos Islands,0.44069681456200227,37.5,0.30875269383716725,2026
Tuvalu,0.4198037542662116,12.0,0.29394740355235316,2026
Türkiye,0.48735210466439133,442.77183098591547,0.3442744926469823,2026
Uganda,0.4917292377701934,1259.311377245509,0.35310703600434545,2026
Ukraine,0.44005403868031856,35.88235294117647,0.308291322641238,2026
United Arab Emirates,0.48989192263936293,30.357142857142858,0.3431388078448881,2026
United Kingdom Of Great Britain And Northern Ireland,0.3705489192263936,123.16666666666667,0.2602543704484435,2026
United Republic Of Tanzania,0.46256825938566554,79.82352941176471,0.3243617053104991,2026
United States Of America,0.46481228668941976,53.69037294015612,0.32574790332884557,2026
United States Virgin Islands,0.49755972696245737,6.4,0.34833702250892273,2026
Uruguay,0.41827360637087596,9.590909090909092,0.29285928068850353,2026
Uzbekistan,0.47763083048919225,19.428571428571423,0.3344788370207284,2026
Vanuatu,0.45132536973833903,15.764705882352942,0.31603913063884387,2026
Venezuela (Bolivarian Republic Of),0.3662201365187713,319.0283018867925,0.25860791263514543,2026
Viet Nam,0.5065386803185438,91.58308157099698,0.3552240768543693,2026
Wallis And Futuna Islands,0.365179180887372,3.0,0.2556466205126617,2026
Yemen,0.470358361774744,58.72727272727273,0.32966573972443614,2026
Yemen Arab Republic,0.41995164960182024,571.4,0.29800288458921215,2026
Yugoslavia,0.45737485779294657,84.82142857142857,0.32076163250643724,2026
Zambia,0.4018998862343573,52.76119402985075,0.2817026587046317,2026
Zimbabwe,0.4635750853242321,118.1590909090909,0.3253373100445002,2026
Afghanistan,0.45101820250284413,134.4418604651163,0.31666252381996546,2027
Albania,0.47496871444823663,46.72222222222222,0.33280817534992396,2027
Algeria,0.5455602957906712,97.97841726618705,0.38258438836847114,2027
American Samoa,0.46895051194539245,43.333333333333336,0.3285714923501261,2027
Angola,0.4886035267349261,83.87378640776699,0.3426150060240899,2027
Anguilla,0.44003697383390217,7.666666666666667,0.3080800438509014,2027
Antigua And Barbuda,0.46003128555176337,1.625,0.32203337991079756,2027
Argentina,0.4489135381114904,106.77165354330708,0.31499377895824515,2027
Armenia,0.5202986348122868,253.08333333333334,0.36599698460441443,2027
Australia,0.46412969283276445,19.78481012658228,0.3250305573560004,2027
Austria,0.42321103526734927,68.44444444444444,0.2967312593969507,2027
Azerbaijan,0.46945392491467575,34.52173913043478,0.3288616307714613,2027
Azores Islands,0.47945961319681457,48.85714285714285,0.3359668868993619,2027
Bahamas,0.5005318543799773,48.04347826086956,0.3507117074878519,2027
Bahrain,0.3881655290102389,50.85714285714285,0.27207515722975983,2027
Bangladesh,0.4599829351535837,5494.018248175183,0.36080126349341174,2027
Barbados,0.44395051194539253,15.5,0.3108748601345312,2027
Belarus,0.45688850967007966,18.0,0.31994912011806326,2027
Belgium,0.460056882821388,71.99159663865547,0.3225484120043587,2027
Belize,0.4273151308304892,171.0909090909091,0.30032928563605005,2027
Benin,0.3562827076222981,36.271186440677965,0.24965413786562374,2027
Bermuda,0.44009670079635954,16.666666666666668,0.30818543439912527,2027
Bhutan,0.538646188850967,39.25,0.37732961894281825,2027
Bolivia (Plurinational State Of),0.41233788395904436,29.56153846153846,0.28884536011758566,2027
Bosnia And Herzegovina,0.4945961319681456,59.72222222222222,0.34663920781036567,2027
Botswana,0.4263623435722412,88.375,0.2990779772210431,2027
Brazil,0.4803071672354949,52.892682926829266,0.3365886843259001,2027
British Virgin Islands,0.39479806598407285,9.0,0.2764222278633547,2027
Brunei Darussalam,0.5093629124004551,,0.3596883819455865,2027
Bulgaria,0.49289817974971556,135.88235294117646,0.3459886844398575,2027
Burkina Faso,0.4277218430034129,287.741935483871,0.30143808055605725,2027
Burundi,0.47879977246871447,34.07692307692308,0.33540058159822966,2027
Cabo Verde,0.4022554038680319,5337.8125,0.31928845570062675,2027
Cambodia,0.470014220705347,79.02380952380952,0.3295682285087639,2027
Cameroon,0.4865984072810011,82.41584158415841,0.34120112256487367,2027
Canada,0.45934015927189986,378.9872611464968,0.32421551645469476,2027
Canary Islands,0.34694254835039817,59.94736842105263,0.24328328985264577,2027
Cayman Islands,0.46367178612059157,56.0,0.32496586959243745,2027
Central African Republic,0.4500113765642776,36.0,0.31526229029300934,2027
Chad,0.47396188850967,224.75999999999996,0.33336116830804263,2027
Chile,0.43048350398179747,542.3805309734513,0.3051701708292054,2027
China,0.3905091012514221,7023.609837898267,0.322975579159837,2027
"China, Hong Kong Special Administrative Region",0.46731513083048914,326.9605263157895,0.3294304468879851,2027
"China, Macao Special Administrative Region",0.43061433447098973,10.0,0.30150068043469697,2027
Colombia,0.46,142.88111888111888,0.3230094023103812,2027
Comoros,0.4361632536973834,48.6764705882353,0.30565815886693865,2027
Congo,0.47376848691695106,125.73469387755102,0.33252620999519367,2027
Cook Islands,0.4216040955631399,8.0,0.29517938393820126,2027
Costa Rica,0.48791524459613195,54.087719298245624,0.34192278096874473,2027
Croatia,0.42014789533560865,168.9047619047619,0.295296776467544,2027
Cuba,0.388481228668942,81.84146341463415,0.2725150397668971,2027
Curaçao,0.40228668941979523,24.0,0.2817702337258666,2027
Cyprus,0.3799146757679181,48.214285714285715,0.2662808891509556,2027
Czechia,0.48797212741751994,54.42857142857143,0.34196500693807225,2027
Czechoslovakia,0.38641638225255975,39.25,0.2707687543239331,2027
Côte D’Ivoire,0.48824516496018205,31.203125,0.3419920540207107,2027
Democratic People'S Republic Of Korea,0.4386035267349261,95.26190476190477,0.30769545887235694,2027
Democratic Republic Of The Congo,0.48946530147895334,90.94207317073169,0.3432681831791604,2027
Denmark,0.3300170648464164,44.294117647058826,0.2313248669670099,2027
Djibouti,0.44054323094425485,40.17391304347826,0.3086640755123864,2027
Dominica,0.46702218430034126,21.571428571428577,0.32706792318246214,2027
Dominican Republic,0.43041240045506257,83.37931034482759,0.30187772433750953,2027
Ecuador,0.38294368600682593,133.848,0.2690061668679979,2027
Egypt,0.40453071672354945,76.3048780487805,0.2837105674752786,2027
El Salvador,0.490042662116041,122.04285714285714,0.34389205117215804,2027
Equatorial Guinea,0.3448293515358362,28.0,0.24157835572909697,2027
Eritrea,0.43698805460750856,37.8,0.3061586812581717,2027
Estonia,0.5191410693970421,131.1,0.364324921636534,2027
Eswatini,0.369075654152446,70.27272727272727,0.2588494087591506,2027
Ethiopia,0.3539419795221843,3298.0708661417325,0.27105903769900896,2027
Fiji,0.46028725824800915,15.159090909090908,0.32230817414960133,2027
Finland,0.3730034129692833,88.2857142857143,0.2617260950283922,2027
France,0.4214874857792947,205.22522522522522,0.29649108043108724,2027
French Guiana,0.43675199089874855,10.0,0.3057970399341281,2027
French Polynesia,0.43472980659840726,8.5,0.3043709139781386,2027
Gabon,0.47995164960182024,24.176470588235293,0.33613695255278425,2027
Gambia,0.43400170648464165,112.5,0.304595965470546,2027
Georgia,0.4532451649601821,24.208333333333332,0.3174426384021583,2027
German Democratic Republic,0.3504778156996587,84.16666666666667,0.24592907739021277,2027
Germany,0.4396928327645051,294.89285714285717,0.30986829200807997,2027
Germany Federal Republic,0.4409414106939704,51.875,0.3090254651929884,2027
Ghana,0.3925711035267349,40.674698795180724,0.27508712418641806,2027
Greece,0.47367747440273034,137.62878787878788,0.3325465286144951,2027
Grenada,0.4839874857792947,13.5,0.3388866125572619,2027
Guadeloupe,0.4799999999999999,195.9090909090909,0.3373840253389452,2027
Guam,0.4644880546075086,35.42857142857143,0.3253919279915565,2027
Guatemala,0.4698805460750853,658.233870967742,0.3335665613338056,2027
Guinea,0.4800881683731513,72.62337662337663,0.3365747751827426,2027
Guinea-Bissau,0.4225085324232082,134.5,0.2967061654985517,2027
Guyana,0.38003697383390217,311.6666666666667,0.26822769152302794,2027
Haiti,0.4854891922639363,1585.888888888889,0.35104615359947144,2027
Honduras,0.5597042093287827,341.47727272727275,0.39420535728625605,2027
Hungary,0.2903327645051194,131.0,0.20415840174913816,2027
Iceland,0.46,10.2,0.32207205923110427,2027
India,0.4907224118316268,5928.357235142119,0.3853873416228887,2027
Indonesia,0.4693202502844141,344.37819650067297,0.33095707990976697,2027
Iran (Islamic Republic Of),0.40071672354948806,434.45641025641027,0.28357098049164053,2027
Iraq,0.4795164960182025,67.0,0.33613487745626963,2027
Ireland,0.34542662116040956,27.608695652173914,0.24199368004566774,2027
Israel,0.4841325369738339,19.65,0.3390315958710169,2027
Italy,0.44614903299203645,800.6954732510288,0.3179609407563001,2027
Jamaica,0.48457053469852107,62.53061224489796,0.33964112995943974,2027
Japan,0.4568430034129693,623.0444444444445,0.3241916811744157,2027
Jordan,0.4725,35.416666666666664,0.33100020566355637,2027
Kazakhstan,0.47992889647326503,35.65625,0.336202125762566,2027
Kenya,0.4399544937428897,58.50980392156863,0.30838149576538043,2027
Kiribati,0.35693401592719,33.333333333333336,0.2500892988323802,2027
Kuwait,0.3644567690557452,22.4,0.25527798606223095,2027
Kyrgyzstan,0.38678327645051197,29.22222222222222,0.2709547377177594,2027
Lao People'S Democratic Republic,0.43901308304891923,43.707317073170735,0.30761793417953,2027
Latvia,0.388287827076223,42.22222222222222,0.27209976335226255,2027
Lebanon,0.31652445961319686,59.0,0.2219839349287623,2027
Lesotho,0.4500483503981798,20.625,0.31517955328279695,2027
Liberia,0.436174630261661,251.3913043478261,0.30709822785939783,2027
Libya,0.4100483503981798,238.075,0.28871575718511244,2027
Liechtenstein,0.41217007963594987,1.0,0.2885261203756654,2027
Lithuania,0.4637400455062571,78.2857142857143,0.32517109149926976,2027
Luxembourg,0.38412969283276455,56.4,0.2692892301431586,2027
Madagascar,0.4646444823663254,60.43,0.3256780532775679,2027
Malawi,0.5361860068259385,95.04166666666667,0.37600163903530076,2027
Malaysia,0.4630346985210466,31.398058252427184,0.32434610464471664,2027
Maldives,0.408839590443686,62.666666666666664,0.28663043015527295,2027
Mali,0.49158703071672355,70.21917808219177,0.3446069940489001,2027
Malta,0.4643970420932878,48.333333333333336,0.32541938660615494,2027
Marshall Islands,0.47721558589306035,6.0,0.3340932979081447,2027
Martinique,0.45995449374288966,2736.7272727272725,0.34130211258225357,2027
Mauritania,0.4998151308304892,26.214285714285715,0.3500557858237462,2027
Mauritius,0.5299687144482367,15.9375,0.37109069266236605,2027
Mayotte,0.40617747440273033,24.75,0.2844990816867965,2027
Mexico,0.4600255972696246,72.48036951501155,0.3225299651178944,2027
Micronesia (Federated States Of),0.47835324232081916,15.4,0.3349560649342798,2027
Mongolia,0.4591126279863481,55.4375,0.3217704850438105,2027
Montenegro,0.4899943117178612,48.0,0.3433351204665228,2027
Montserrat,0.4932110352673492,21.5,0.34539961424290344,2027
Morocco,0.4832081911262799,159.0681818181818,0.3393694917173144,2027
Mozambique,0.48682309442548355,828.5151515151514,0.34662931950728954,2027
Myanmar,0.4798549488054607,1143.8370370370371,0.34397925018318043,2027
Namibia,0.4763850967007964,34.68421052631579,0.3337145988221245,2027
Nepal,0.4532053469852105,133.77358490566039,0.3181888038377219,2027
Netherlands (Kingdom Of The),0.45859215017064847,158.53658536585365,0.3221345075158614,2027
Netherlands Antilles,0.49920079635949943,9.333333333333334,0.34950649400298683,2027
New Caledonia,0.34927189988623436,2.0,0.24450445918136487,2027
New Zealand,0.47,240.6969696969697,0.330700435153479,2027
Nicaragua,0.41054891922639364,274.703125,0.28932491953391026,2027
Niger,0.4764988623435722,2032.1958762886597,0.34790591661095005,2027
Nigeria,0.46393629124004554,101.34046692607004,0.3254713368216042,2027
Niue,0.47974687144482364,1.0,0.3358298746418769,2027
North Macedonia,0.4674744027303754,20.842105263157894,0.3273793236837978,2027
Northern Mariana Islands,0.4442377701934016,2.5,0.3109841007116322,2027
Norway,0.4987229806598407,36.75,0.34936571163277874,2027
Oman,0.45999715585893064,21.65,0.32215095835158547,2027
Pakistan,0.47992605233219565,387.6181818181818,0.3386866158623257,2027
Palau,0.4680005688282139,1.0,0.3276074628102501,2027
Panama,0.43,14.673076923076923,0.30110365986676574,2027
Papua New Guinea,0.4998009101251422,171.955223880597,0.35107543720693235,2027
Paraguay,0.494240614334471,33.44,0.3462046712780636,2027
People'S Democratic Republic Of Yemen,0.3737400455062571,170.0,0.26281901903945076,2027
Peru,0.4400028441410694,284.6795580110497,0.31001314678711855,2027
Philippines,0.37763367463026165,112.62729658792651,0.26513924247583764,2027
Poland,0.4366837315130831,83.30864197530866,0.3062671568322051,2027
Portugal,0.41388794084186575,153.3548387096774,0.2908049538602408,2027
Puerto Rico,0.3952588168373151,52.27777777777778,0.27705049496950346,2027
Qatar,0.42032992036405004,18.0,0.2943581076038425,2027
Republic Of Korea,0.3733845278725825,71.64021164021165,0.26187528113501746,2027
Republic Of Moldova,0.4831740614334471,9.454545454545457,0.3382886358735987,2027
Romania,0.48202218430034127,153.5686274509804,0.3385004346196362,2027
Russian Federation,0.48000284414106936,208.08206686930092,0.33747201381494313,2027
Rwanda,0.3817093287827076,28.844827586206897,0.26740030819664007,2027
Réunion,0.46213310580204775,22.53846153846154,0.3236523999642505,2027
Saint Barthélemy,0.5403412969283277,4.0,0.378267166371831,2027
Saint Helena,0.41062286689419797,,0.2905703500912066,2027
Saint Kitts And Nevis,0.4612343572241183,3.0,0.3228852439483841,2027
Saint Lucia,0.5212713310580205,6.0,0.36493231952361677,2027
Saint Martin (French Part),0.46061717861205914,12.0,0.32251680059444643,2027
Saint Vincent And The Grenadines,0.38674345847554037,172.7,0.2719404826203002,2027
Samoa,0.4031598407281001,59.333333333333336,0.2826310565860281,2027
Sao Tome And Principe,0.41727246871444823,41.166666666666664,0.2923815553890476,2027
Saudi Arabia,0.4577417519908988,111.75949367088607,0.3212087659213276,2027
Senegal,0.4780147895335608,38.14285714285715,0.334879817865437,2027
Serbia,0.5040642775881684,203.83333333333334,0.35428500149538605,2027
Serbia Montenegro,0.5038111490329921,12.125,0.352753462967912,2027
Seychelles,0.48010523321956766,4.0,0.336101921775699,2027
Sierra Leone,0.4635807736063709,149.4285714285714,0.3255621991678076,2027
Singapore,0.4830773606370876,8.0,0.3382106694899646,2027
Sint Maarten (Dutch Part),0.5491439135381115,4.0,0.38442899799867974,2027
Slovakia,0.4765301478953356,49.37931034482759,0.3339199501086865,2027
Slovenia,0.4581825938566553,65.53846153846153,0.3211908207139937,2027
Solomon Islands,0.48005403868031854,40.61904761904761,0.3363247856389303,2027
Somalia,0.4651734926052332,546.436170212766,0.3294818144582791,2027
South Africa,0.3693657565415245,27.308474576271188,0.25874895386147845,2027
South Sudan,0.5530233219567691,61.86363636363637,0.38755336910205956,2027
Soviet Union,0.3906456200227531,42465.06593406594,0.5734519340159271,2027
Spain,0.49929465301478954,316.7124183006536,0.3517437133205401,2027
Sri Lanka,0.46984072810011374,324.25984251968504,0.33117928564360444,2027
State Of Palestine,0.4899829351535836,7.125,0.343038390099824,2027
Sudan,0.4256143344709898,1021.2060606060606,0.30514447761266056,2027
Suriname,0.3915927189988624,35.666666666666664,0.27436687512038516,2027
Sweden,0.4466439135381115,15.5,0.3127602412494345,2027
Switzerland,0.43048350398179747,55.0,0.30172700746478115,2027
Syrian Arab Republic,0.4637372013651877,149.37777777777777,0.32567133976060475,2027
Taiwan (Province Of China),0.5098777019340159,108.17142857142858,0.3576785825273705,2027
Tajikistan,0.48984357224118313,48.50980392156863,0.34323320440918176,2027
Thailand,0.4626905574516496,81.37280701754386,0.32445825903051534,2027
Timor-Leste,0.43816552901023886,11.625,0.30679799663673457,2027
Togo,0.4701706484641638,55.285714285714285,0.3295100270682948,2027
Tokelau,0.47499431171786116,,0.3356303614677708,2027
Tonga,0.4703668941979522,9.636363636363637,0.329324903287025,2027
Trinidad And Tobago,0.449032992036405,9.875,0.3143928576516752,2027
Tunisia,0.4699630261660978,39.93846153846154,0.32925626878979275,2027
Turkmenistan,0.5126478953356086,22.0,0.3590089486059352,2027
Turks And Caicos Islands,0.4398179749715586,37.5,0.30813750612385665,2027
Tuvalu,0.45419226393629125,12.0,0.3180193603214089,2027
Türkiye,0.3903014789533561,442.77183098591547,0.2763390546492576,2027
Uganda,0.47941979522184297,1259.311377245509,0.34449042622050025,2027
Ukraine,0.4501251422070535,35.88235294117647,0.3153410951099524,2027
United Arab Emirates,0.5012997724687144,30.357142857142858,0.35112430272543416,2027
United Kingdom Of Great Britain And Northern Ireland,0.4903498293515358,123.16666666666667,0.344115007536043,2027
United Republic Of Tanzania,0.40359783845278724,79.82352941176471,0.28308241065748435,2027
United States Of America,0.46990045506257105,53.69037294015612,0.32930962119005147,2027
United States Virgin Islands,0.44631683731513083,6.4,0.31246699975579423,2027
Uruguay,0.4648265073947668,9.590909090909092,0.32544631140522706,2027
Uzbekistan,0.473617747440273,19.428571428571423,0.3316696788864849,2027
Vanuatu,0.47935153583617746,15.764705882352942,0.33565744690733074,2027
Venezuela (Bolivarian Republic Of),0.49,319.0283018867925,0.3452538170720055,2027
Viet Nam,0.4605091012514221,91.58308157099698,0.32300337150738406,2027
Wallis And Futuna Islands,0.48399886234357226,3.0,0.33882039753200177,2027
Yemen,0.488023321956769,58.72727272727273,0.3420312118518537,2027
Yemen Arab Republic,0.48387656427758813,571.4,0.34275032486224966,2027
Yugoslavia,0.3739817974971559,84.82142857142857,0.2623864902993837,2027
Zambia,0.4903811149032992,52.76119402985075,0.34363951877289106,2027
Zimbabwe,0.4698435722411831,118.1590909090909,0.32972525088636595,2027
Afghanistan,0.4706939704209328,134.4418604651163,0.3304355613626276,2028
Albania,0.4395278725824801,46.72222222222222,0.30799958604389444,2028
Algeria,0.4930688282138794,97.97841726618705,0.34584036106471683,2028
American Samoa,0.3868941979522184,43.333333333333336,0.27113207255490424,2028
Angola,0.4214846416382253,83.87378640776699,0.29563178645639937,2028
Anguilla,0.4535921501706485,7.666666666666667,0.3175686672866238,2028
Antigua And Barbuda,0.3985551763367463,1.625,0.2790001034602856,2028
Argentina,0.4511774744027304,106.77165354330708,0.31657853436211325,2028
Armenia,0.47,253.08333333333334,0.3307879402358137,2028
Australia,0.4546245733788396,19.78481012658228,0.3183769737382529,2028
Austria,0.5211348122866895,68.44444444444444,0.36527790331048887,2028
Azerbaijan,0.43069965870307164,34.52173913043478,0.30173364442333844,2028
Azores Islands,0.5225056882821388,48.85714285714285,0.3660991394590889,2028
Bahamas,0.4420364050056883,48.04347826086956,0.3097648929258496,2028
Bahrain,0.44973265073947666,50.85714285714285,0.3151721424402263,2028
Bangladesh,0.4641353811149033,5494.018248175183,0.36370797566633556,2028
Barbados,0.48169795221843,15.5,0.33729806832565745,2028
Belarus,0.4773236632536974,18.0,0.3342537276265956,2028
Belgium,0.5343117178612059,71.99159663865547,0.3745267965322313,2028
Belize,0.42644197952218427,171.0909090909091,0.2997180797202366,2028
Benin,0.44999715585893063,36.271186440677965,0.3152542516312665,2028
Bermuda,0.4046018202502844,16.666666666666668,0.28333901801687267,2028
Bhutan,0.4691154721274175,39.25,0.32865811723633354,2028
Bolivia (Plurinational State Of),0.3637912400455062,29.56153846153846,0.25486270937810895,2028
Bosnia And Herzegovina,0.4615955631399318,59.72222222222222,0.32353880963061604,2028
Botswana,0.4700739476678043,88.375,0.3296761000879373,2028
Brazil,0.5402559726962458,52.892682926829266,0.3785528481484258,2028
British Virgin Islands,0.4863509670079636,9.0,0.34050925858007824,2028
Brunei Darussalam,0.3672098976109215,,0.26018127159291304,2028
Bulgaria,0.4799744027303754,135.88235294117646,0.3369420405263194,2028
Burkina Faso,0.43642491467576794,287.741935483871,0.30753023072670577,2028
Burundi,0.3626848691695108,34.07692307692308,0.2541201492887872,2028
Cabo Verde,0.46299203640500575,5337.8125,0.36180409847650846,2028
Cambodia,0.42716723549488056,79.02380952380952,0.2995753388614374,2028
Cameroon,0.42083048919226396,82.41584158415841,0.29516357990275766,2028
Canada,0.48023890784982937,378.9872611464968,0.3388446404592454,2028
Canary Islands,0.42571672354948803,59.94736842105263,0.2984252124920087,2028
Cayman Islands,0.4841126279863481,56.0,0.33927445889846697,2028
Central African Republic,0.49708475540386804,36.0,0.3482136554807226,2028
Chad,0.5131171786120592,224.75999999999996,0.36076987137971506,2028
Chile,0.4551393629124004,542.3805309734513,0.32242927208062744,2028
China,0.4754067121729238,7023.609837898267,0.3824039068048881,2028
"China, Hong Kong Special Administrative Region",0.48399886234357226,326.9605263157895,0.3411090589471433,2028
"China, Macao Special Administrative Region",0.4998435722411832,10.0,0.3499611468738323,2028
Colombia,0.41943401592719,142.88111888111888,0.29461321345941416,2028
Comoros,0.4128754266211604,48.6764705882353,0.28935667991358255,2028
Congo,0.46929180887372013,125.73469387755102,0.32939253536493196,2028
Cook Islands,0.3932366325369739,8.0,0.275322159819885,2028
Costa Rica,0.4886348122866894,54.087719298245624,0.3424264783521349,2028
Croatia,0.4549175199089875,168.9047619047619,0.31963551366890924,2028
Cuba,0.478216723549488,81.84146341463415,0.3353298861832794,2028
Curaçao,0.4522866894197952,24.0,0.31677023372586666,2028
Cyprus,0.3702787258248009,48.214285714285715,0.25953572419077364,2028
Czechia,0.4368174061433447,54.42857142857143,0.3061567020461497,2028
Czechoslovakia,0.460386803185438,39.25,0.322548048976948,2028
Côte D’Ivoire,0.4801706484641638,31.203125,0.336339892473498,2028
Democratic People'S Republic Of Korea,0.4411916951080774,95.26190476190477,0.30950717673356287,2028
Democratic Republic Of The Congo,0.3686518771331058,90.94207317073169,0.2586987861370671,2028
Denmark,0.4700796359499431,44.294117647058826,0.32936866673947857,2028
Djibouti,0.4620563139931741,40.17391304347826,0.32372323364662986,2028
Dominica,0.4743088737201365,21.571428571428577,0.33216860577631885,2028
Dominican Republic,0.48358077360637086,83.37931034482759,0.33909558554342534,2028
Ecuador,0.4800483503981797,133.848,0.3369794319419455,2028
Egypt,0.47998577929465297,76.3048780487805,0.33652911127505103,2028
El Salvador,0.4166922639362912,122.04285714285714,0.2925467724463332,2028
Equatorial Guinea,0.46819397042093286,28.0,0.32793358894866464,2028
Eritrea,0.469914675767918,37.8,0.3292073160704584,2028
Estonia,0.473646188850967,131.1,0.33247850525428146,2028
Eswatini,0.48417235494880545,70.27272727272727,0.3394170993166022,2028
Ethiopia,0.4783703071672355,3298.0708661417325,0.3581588670505448,2028
Fiji,0.4797411831626849,15.159090909090908,0.33592592158987433,2028
Finland,0.3645250284414107,88.2857142857143,0.2557912258588814,2028
France,0.47012229806598405,205.22522522522522,0.3305354490317698,2028
French Guiana,0.43397326507394773,10.0,0.3038519318567675,2028
French Polynesia,0.47244311717861204,8.5,0.3307702313842819,2028
Gabon,0.4828924914675768,24.176470588235293,0.3381955418588138,2028
Gambia,0.4997980659840728,112.5,0.3506534171201478,2028
Georgia,0.46444254835039817,24.208333333333332,0.3252808067753096,2028
German Democratic Republic,0.43273606370875994,84.16666666666667,0.30350985099658373,2028
Germany,0.5212770193401594,294.89285714285717,0.3669772226110379,2028
Germany Federal Republic,0.46618316268486915,51.875,0.3266946915866175,2028
Ghana,0.4981313993174062,40.674698795180724,0.34897933123988795,2028
Greece,0.45001422070534697,137.62878787878788,0.3159822510263267,2028
Grenada,0.49974687144482366,13.5,0.34991818252313217,2028
Guadeloupe,0.46368031854379976,195.9090909090909,0.3259602483196051,2028
Guam,0.43964732650739474,35.42857142857143,0.3080034183214768,2028
Guatemala,0.4585949943117179,658.233870967742,0.3256666750994484,2028
Guinea,0.46396473265073945,72.62337662337663,0.32528837017705436,2028
Guinea-Bissau,0.43994027303754263,134.5,0.30890838392858583,2028
Guyana,0.4534584755403868,311.6666666666667,0.31962274271756724,2028
Haiti,0.4806655290102389,1585.888888888889,0.34766958932188324,2028
Honduras,0.4380460750853242,341.47727272727275,0.30904466331583513,2028
Hungary,0.48277019340159266,131.0,0.3388646019766694,2028
Iceland,0.38597838452787264,10.2,0.27025692840061505,2028
India,0.46943686006825935,5928.357235142119,0.3704874553885314,2028
Indonesia,0.3830403868031854,344.37819650067297,0.27056117547290687,2028
Iran (Islamic Republic Of),0.4903071672354949,434.45641025641027,0.34628429107184533,2028
Iraq,0.4536405005688282,67.0,0.31802168064170766,2028
Ireland,0.46920364050056884,27.608695652173914,0.32863759358377914,2028
Israel,0.4899061433447099,19.65,0.34307312033063003,2028
Italy,0.5300113765642775,800.6954732510288,0.37666458125686897,2028
Jamaica,0.42313424345847556,62.53061224489796,0.2966357260914078,2028
Japan,0.420938566552901,623.0444444444445,0.29905857537236796,2028
Jordan,0.47532423208191127,35.416666666666664,0.33297716812089434,2028
Kazakhstan,0.43031001137656427,35.65625,0.30146890619487543,2028
Kenya,0.5644738339021615,58.50980392156863,0.3955450338768708,2028
Kiribati,0.4504579067121729,33.333333333333336,0.31555602238186825,2028
Kuwait,0.44462172923777016,22.4,0.3113934581896485,2028
Kyrgyzstan,0.4661860068259385,29.22222222222222,0.326536648980558,2028
Lao People'S Democratic Republic,0.5449402730375428,43.707317073170735,0.38176696717156633,2028
Latvia,0.4680972696245734,42.22222222222222,0.3279663731361078,2028
Lebanon,0.383646188850967,59.0,0.26896914539520145,2028
Lesotho,0.44971274175199094,20.625,0.31494462723046474,2028
Liberia,0.4833191126279863,251.3913043478261,0.34009936551582554,2028
Libya,0.4899630261660978,238.075,0.3446560302226551,2028
Liechtenstein,0.47039817974971554,1.0,0.32928579045530126,2028
Lithuania,0.390207622298066,78.2857142857143,0.2736983952535359,2028
Luxembourg,0.3801990898748578,56.4,0.2665378080726239,2028
Madagascar,0.3781058020477816,60.43,0.26510097705458724,2028
Malawi,0.4198862343572241,95.04166666666667,0.2945917983072006,2028
Malaysia,0.4598976109215017,31.398058252427184,0.32215014332503517,2028
Maldives,0.47875995449374287,62.666666666666664,0.3355746849903128,2028
Mali,0.47999715585893055,70.21917808219177,0.336494081648445,2028
Malta,0.4799061433447099,48.333333333333336,0.3362757574821504,2028
Marshall Islands,0.3906541524459613,6.0,0.2735002944951754,2028
Martinique,0.4598919226393629,2736.7272727272725,0.34125831280978486,2028
Mauritania,0.5000597269624574,26.214285714285715,0.35022700311612387,2028
Mauritius,0.47829351535836173,15.9375,0.3349180532994536,2028
Mayotte,0.4870221843003413,24.75,0.3410903786151242,2028
Mexico,0.45366040955631404,72.48036951501155,0.318074333718577,2028
Micronesia (Federated States Of),0.3410722411831627,15.4,0.23885936413792028,2028
Mongolia,0.4898265073947668,55.4375,0.34327020062970354,2028
Montenegro,0.47512798634812287,48.0,0.332928692707706,2028
Montserrat,0.4119425483503981,21.5,0.28851167340103767,2028
Morocco,0.483811149032992,159.0681818181818,0.3397915622520129,2028
Mozambique,0.3825540386803185,828.5151515151514,0.2736409804856741,2028
Myanmar,0.5061035267349261,1143.8370370370371,0.36235325473380614,2028
Namibia,0.4585949943117179,34.68421052631579,0.32126152714976963,2028
Nepal,0.45673208191126285,133.77358490566039,0.32065751828595856,2028
Netherlands (Kingdom Of The),0.38260807736063707,158.53658536585365,0.2689456565488534,2028
Netherlands Antilles,0.3704664391353811,9.333333333333334,0.25939244394610406,2028
New Caledonia,0.41117463026166096,2.0,0.2878363704441635,2028
New Zealand,0.47749431171786116,240.6969696969697,0.33594645335598183,2028
Nicaragua,0.3714874857792947,274.703125,0.261981916120941,2028
Niger,0.4702389078498293,2032.1958762886597,0.34352394846533,2028
Nigeria,0.41145051194539245,101.34046692607004,0.2887312913153471,2028
Niue,0.4796075085324232,1.0,0.33573232060319663,2028
North Macedonia,0.48293515358361777,20.842105263157894,0.3382018492810674,2028
Northern Mariana Islands,0.55320819112628,2.5,0.38726339536464693,2028
Norway,0.47978100113765637,36.75,0.33610632596724976,2028
Oman,0.4802559726962457,21.65,0.336332130137706,2028
Pakistan,0.4849601820250284,387.6181818181818,0.34221050664730857,2028
Palau,0.4698009101251422,1.0,0.3288677017181,2028
Panama,0.4743003412969283,14.673076923076923,0.33211389877461556,2028
Papua New Guinea,0.5201137656427759,171.955223880597,0.365294436069276,2028
Paraguay,0.4536803185437998,33.44,0.3178124642245938,2028
People'S Democratic Republic Of Yemen,0.43001990898748577,170.0,0.30221492347631085,2028
Peru,0.42,284.6795580110497,0.2960111558883699,2028
Philippines,0.4095278725824801,112.62729658792651,0.2874651810423906,2028
Poland,0.4522212741751991,83.30864197530866,0.31714343669568645,2028
Portugal,0.49032138794084185,153.3548387096774,0.3443083668295241,2028
Puerto Rico,0.45755119453924914,52.27777777777778,0.3206551593608573,2028
Qatar,0.5333390216154721,18.0,0.37346447847983794,2028
Republic Of Korea,0.5314163822525597,71.64021164021165,0.3724975792010015,2028
Republic Of Moldova,0.4867007963594994,9.454545454545457,0.3407573503218353,2028
Romania,0.38482650739476676,153.5686274509804,0.27046346078573397,2028
Russian Federation,0.49011376564277587,208.08206686930092,0.34454965886613764,2028
Rwanda,0.4897497155858931,28.844827586206897,0.3430285789588699,2028
Réunion,0.48338452787258246,22.53846153846154,0.3385283954136248,2028
Saint Barthélemy,0.4894681456200228,4.0,0.34265596045601754,2028
Saint Helena,0.3977332195676906,,0.28154759696265136,2028
Saint Kitts And Nevis,0.5362827076222981,3.0,0.3754190892271099,2028
Saint Lucia,0.35965870307167236,6.0,0.25180347993317315,2028
Saint Martin (French Part),0.4536632536973834,12.0,0.3176490531541734,2028
Saint Vincent And The Grenadines,0.48387940841865756,172.7,0.3399356475804822,2028
Samoa,0.48984641638225257,59.333333333333336,0.34331165954393483,2028
Sao Tome And Principe,0.39785836177474404,41.166666666666664,0.27879168053125464,2028
Saudi Arabia,0.360415244596132,111.75949367088607,0.2530802107449908,2028
Senegal,0.4797610921501706,38.14285714285715,0.3361022296970639,2028
Serbia,0.37003697383390216,203.83333333333334,0.26046588886739974,2028
Serbia Montenegro,0.48995164960182025,12.125,0.3430518133660917,2028
Seychelles,0.3501052332195677,4.0,0.245101921775699,2028
Sierra Leone,0.49,149.4285714285714,0.34405565764334795,2028
Singapore,0.3718174061433447,8.0,0.2603287013443446,2028
Sint Maarten (Dutch Part),0.45995449374288966,4.0,0.3219964041420244,2028
Slovakia,0.46322810011376564,49.37931034482759,0.3246085166615876,2028
Slovenia,0.4647696245733788,65.53846153846153,0.3258017422157002,2028
Solomon Islands,0.36930034129692835,40.61904761904761,0.25879719747055724,2028
Somalia,0.43981228668941985,546.436170212766,0.31172897031720975,2028
South Africa,0.5199886234357224,27.308474576271188,0.364184960687417,2028
South Sudan,0.4563367463026166,61.86363636363637,0.3198727661441529,2028
Soviet Union,0.477901023890785,42465.06593406594,0.6345307167235494,2028
Spain,0.49141638225255974,316.7124183006536,0.3462289237869792,2028
Sri Lanka,0.42028441410693973,324.25984251968504,0.2964898658483826,2028
State Of Palestine,0.4412514220705347,7.125,0.30892633094168975,2028
Sudan,0.46985779294653013,1021.2060606060606,0.3361148985455388,2028
Suriname,0.5395506257110353,35.666666666666664,0.3779374098189062,2028
Sweden,0.442707622298066,15.5,0.31000483738140266,2028
Switzerland,0.4617491467576792,55.0,0.32361295740789836,2028
Syrian Arab Republic,0.4698378839590443,149.37777777777777,0.32994181757630436,2028
Taiwan (Province Of China),0.48416382252559725,108.17142857142858,0.3396788669414774,2028
Tajikistan,0.4899800910125142,48.50980392156863,0.3433287675491135,2028
Thailand,0.45685437997724687,81.37280701754386,0.3203729347984335,2028
Timor-Leste,0.46184584755403874,11.625,0.32337421961739443,2028
Togo,0.4701422070534699,55.285714285714285,0.32949011808080897,2028
Tokelau,0.4419453924914676,,0.31249611800929533,2028
Tonga,0.4700426621160409,9.636363636363637,0.32909794082968713,2028
Trinidad And Tobago,0.36991467576791803,9.875,0.2590100362637343,2028
Tunisia,0.46450227531285554,39.93846153846154,0.32543374319252316,2028
Turkmenistan,0.4358219567690557,22.0,0.30523079160934813,2028
Turks And Caicos Islands,0.47932593856655287,37.5,0.3357930806403526,2028
Tuvalu,0.49,12.0,0.343084775566005,2028
Türkiye,0.403825369738339,442.77183098591547,0.2858057781987457,2028
Uganda,0.35135949943117173,1259.311377245509,0.2548482191670304,2028
Ukraine,0.4756882821387941,35.88235294117647,0.3332352930621708,2028
United Arab Emirates,0.46027019340159275,30.357142857142858,0.3224035973784489,2028
United Kingdom Of Great Britain And Northern Ireland,0.4716325369738339,123.16666666666667,0.33101290287165164,2028
United Republic Of Tanzania,0.42,79.82352941176471,0.29456392374053325,2028
United States Of America,0.554212172923777,53.69037294015612,0.38832782369289565,2028
United States Virgin Islands,0.4538850967007964,6.4,0.3177647813257601,2028
Uruguay,0.44563139931740614,9.590909090909092,0.31200973575107466,2028
Uzbekistan,0.46875426621160404,19.428571428571423,0.3282652420264166,2028
Vanuatu,0.48001990898748575,15.764705882352942,0.33612530811324653,2028
Venezuela (Bolivarian Republic Of),0.4831598407281001,319.0283018867925,0.34046570558167555,2028
Viet Nam,0.47001990898748575,91.58308157099698,0.32966093692262866,2028
Wallis And Futuna Islands,0.4798549488054607,3.0,0.33591965805532376,2028
Yemen,0.47092718998862343,58.72727272727273,0.33006391947415176,2028
Yemen Arab Republic,0.48621160409556313,571.4,0.34438485273483216,2028
Yugoslavia,0.3723037542662116,84.82142857142857,0.26121186003772273,2028
Zambia,0.48991751990898746,52.76119402985075,0.34331500227687284,2028
Zimbabwe,0.43947383390216155,118.1590909090909,0.3084664340490509,2028
Afghanistan,0.546217292377702,134.4418604651163,0.3833018867323659,2029
Albania,0.455745164960182,46.72222222222222,0.3193516907082858,2029
Algeria,0.48968714448236633,97.97841726618705,0.3434731824526576,2029
American Samoa,0.46665244596131966,43.333333333333336,0.32696284616127513,2029
Angola,0.4598976109215017,83.87378640776699,0.3225208649546929,2029
Anguilla,0.46533560864618884,7.666666666666667,0.32578908821950203,2029
Antigua And Barbuda,0.4809300341296928,1.625,0.3366625039153482,2029
Argentina,0.4697411831626848,106.77165354330708,0.3295731304940813,2029
Armenia,0.4016951080773606,253.08333333333334,0.28297451588996614,2029
Australia,0.48024175199089875,19.78481012658228,0.33630899876669434,2029
Austria,0.4699971558589306,68.44444444444444,0.3294815438110577,2029
Azerbaijan,0.46975540386803183,34.52173913043478,0.3290726660388106,2029
Azores Islands,0.44,48.85714285714285,0.30834515766159176,2029
Bahamas,0.40469283276450513,48.04347826086956,0.2836243923570214,2029
Bahrain,0.4791467576791809,50.85714285714285,0.33576201729801924,2029
Bangladesh,0.47375142207053467,5494.018248175183,0.3704392043352775,2029
Barbados,0.48321103526734926,15.5,0.3383572264599009,2029
Belarus,0.48964163822525597,18.0,0.3428763101066866,2029
Belgium,0.4496302616609784,71.99159663865547,0.315249777192072,2029
Belize,0.5025170648464163,171.0909090909091,0.3529706394471991,2029
Benin,0.35,36.271186440677965,0.24525624253001507,2029
Bermuda,0.4244283276450512,16.666666666666668,0.29721757319320946,2029
Bhutan,0.4794340159271899,39.25,0.33588109789617426,2029
Bolivia (Plurinational State Of),0.41361490329920364,29.56153846153846,0.2897392736556971,2029
Bosnia And Herzegovina,0.4879977246871445,59.72222222222222,0.3420203227136649,2029
Botswana,0.37,88.375,0.2596243367204743,2029
Brazil,0.5018316268486918,52.892682926829266,0.3516558060551379,2029
British Virgin Islands,0.425938566552901,9.0,0.2982205782615345,2029
Brunei Darussalam,0.49688850967007964,,0.3509563000343237,2029
Bulgaria,0.3845733788395905,135.88235294117646,0.27016132380276986,2029
Burkina Faso,0.28746302616609787,287.741935483871,0.2032569087699367,2029
Burundi,0.4606313993174061,34.07692307692308,0.3226827203923139,2029
Cabo Verde,0.454820819112628,5337.8125,0.3560842463718441,2029
Cambodia,0.4353782707622298,79.02380952380952,0.3053230635485819,2029
Cameroon,0.39149317406143347,82.41584158415841,0.2746274593111763,2029
Canada,0.5099232081911264,378.9872611464968,0.3596236506981532,2029
Canary Islands,0.4637627986348123,59.94736842105263,0.32505746505173566,2029
Cayman Islands,0.4743202502844141,56.0,0.3324197945071132,2029
Central African Republic,0.42746018202502845,36.0,0.2994764541155349,2029
Chad,0.45003128555176336,224.75999999999996,0.316609746237508,2029
Chile,0.4122753128555176,542.3805309734513,0.29242443704080945,2029
China,0.46602673492605234,7023.609837898267,0.3758379227320781,2029
"China, Hong Kong Special Administrative Region",0.4815216154721274,326.9605263157895,0.3393749861371319,2029
"China, Macao Special Administrative Region",0.3900255972696246,10.0,0.2730885643937413,2029
Colombia,0.5243686006825938,142.88111888111888,0.36806742278819693,2029
Comoros,0.47803185437997725,48.6764705882353,0.3349661793447543,2029
Congo,0.42395335608646184,125.73469387755102,0.2976556184138512,2029
Cook Islands,0.44,8.0,0.30805651704400333,2029
Costa Rica,0.3502787258248009,54.087719298245624,0.24557721782881298,2029
Croatia,0.4698378839590443,168.9047619047619,0.330079768503949,2029
Cuba,0.4871729237770193,81.84146341463415,0.34159922634255124,2029
Curaçao,0.39725824800910126,24.0,0.27825032473838085,2029
Cyprus,0.4685068259385666,48.214285714285715,0.3282953942704095,2029
Czechia,0.3200056882821388,54.42857142857143,0.22438849954330553,2029
Czechoslovakia,0.4487315130830489,39.25,0.31438934590527556,2029
Côte D’Ivoire,0.48564562002275313,31.203125,0.3401723725645105,2029
Democratic People'S Republic Of Korea,0.4766126279863481,95.26190476190477,0.3343018297483524,2029
Democratic Republic Of The Congo,0.46688566552901023,90.94207317073169,0.3274624380142002,2029
Denmark,0.4685238907849829,44.294117647058826,0.3282796451240065,2029
Djibouti,0.4559414106939705,40.17391304347826,0.31944280133718733,2029
Dominica,0.42,21.571428571428577,0.2941523941722233,2029
Dominican Republic,0.4562713310580205,83.37931034482759,0.3199789757595801,2029
Ecuador,0.44495449374288965,133.848,0.3124137322832425,2029
Egypt,0.48956769055745164,76.3048780487805,0.34323644915901014,2029
El Salvador,0.4897980659840728,122.04285714285714,0.34372083387978036,2029
Equatorial Guinea,0.4799772468714448,28.0,0.336181882464023,2029
Eritrea,0.4558105802047782,37.8,0.31933444917626047,2029
Estonia,0.420773606370876,131.1,0.2954676975182178,2029
Eswatini,0.44480659840728104,70.27272727272727,0.3118610697375351,2029
Ethiopia,0.5266240045506257,3298.0708661417325,0.39193645521891796,2029
Fiji,0.4608930602957907,15.159090909090908,0.3227322355830484,2029
Finland,0.49373720136518773,88.2857142857143,0.3462397469055253,2029
France,0.4175625711035267,205.22522522522522,0.2937436401580497,2029
French Guiana,0.3895733788395904,10.0,0.2727720114927174,2029
French Polynesia,0.45839874857792945,8.5,0.3209391733638042,2029
Gabon,0.4846643913538111,24.176470588235293,0.3394358717791779,2029
Gambia,0.4567235494880546,112.5,0.3205012555729351,2029
Georgia,0.488023321956769,24.208333333333332,0.3417873482997692,2029
German Democratic Republic,0.4354038680318543,84.16666666666667,0.3053773140227498,2029
Germany,0.4640699658703072,294.89285714285717,0.32693228518214146,2029
Germany Federal Republic,0.43031001137656427,51.875,0.3015834856708041,2029
Ghana,0.5313310580204779,40.674698795180724,0.3722190923320381,2029
Greece,0.4709556313993174,137.62878787878788,0.33064123851210603,2029
Grenada,0.49,13.5,0.3430953725117556,2029
Guadeloupe,0.47241467576791807,195.9090909090909,0.33207429837648783,2029
Guam,0.3694766780432309,35.42857142857143,0.25888396439656214,2029
Guatemala,0.47128270762229807,658.233870967742,0.3345480744168545,2029
Guinea,0.4825483503981797,72.62337662337663,0.3382969026002625,2029
Guinea-Bissau,0.3732536973833902,134.5,0.26222778097067917,2029
Guyana,0.4799829351535836,311.6666666666667,0.33818986444680493,2029
Haiti,0.48964163822525597,1585.888888888889,0.3539528657723952,2029
Honduras,0.47360637087599544,341.47727272727275,0.333936870369305,2029
Hungary,0.5007025028441411,131.0,0.35141721858645325,2029
Iceland,0.4964362912400455,10.2,0.34757746309913606,2029
India,0.5013623435722412,5928.357235142119,0.39283529384131866,2029
Indonesia,0.46764220705346987,344.37819650067297,0.32978244964810594,2029
Iran (Islamic Republic Of),0.4889675767918089,434.45641025641027,0.3453465777612651,2029
Iraq,0.46883959044368595,67.0,0.3286610435541081,2029
Ireland,0.4799544937428896,27.608695652173914,0.33616319085340374,2029
Israel,0.488287827076223,19.65,0.34194029894268924,2029
Italy,0.48108930602957906,800.6954732510288,0.34241913188257994,2029
Jamaica,0.4873805460750853,62.53061224489796,0.3416081379230347,2029
Japan,0.46616609783845275,623.0444444444445,0.33071784727225423,2029
Jordan,0.4556058020477816,35.416666666666664,0.3191742670970036,2029
Kazakhstan,0.4788225255972696,35.65625,0.33542766614936914,2029
Kenya,0.404627417519909,58.50980392156863,0.28365254240929394,2029
Kiribati,0.4730403868031854,33.333333333333336,0.3313637584455769,2029
Kuwait,0.4279721274175199,22.4,0.29973873691547326,2029
Kyrgyzstan,0.4807622298065984,29.22222222222222,0.3367400050670199,2029
Lao People'S Democratic Republic,0.3747013651877133,43.707317073170735,0.2625997316766858,2029
Latvia,0.37355517633674634,42.22222222222222,0.26178690783462893,2029
Lebanon,0.4732281001137656,59.0,0.33167648327916044,2029
Lesotho,0.381712172923777,20.625,0.267344229050715,2029
Liberia,0.4538282138794084,251.3913043478261,0.319455736391821,2029
Libya,0.46336177474402734,238.075,0.3260351542272058,2029
Liechtenstein,0.46883959044368595,1.0,0.32819477794108065,2029
Lithuania,0.4293145620022753,78.2857142857143,0.30107325304648247,2029
Luxembourg,0.4875568828213879,56.4,0.34168826313519496,2029
Madagascar,0.4846786120591581,60.43,0.33970194406255083,2029
Malawi,0.41230944254835034,95.04166666666667,0.289288044040989,2029
Malaysia,0.47374288964732647,31.398058252427184,0.3318418384331125,2029
Maldives,0.4170648464163822,62.666666666666664,0.29238810933616033,2029
Mali,0.4724886234357224,70.21917808219177,0.3312381089521993,2029
Malta,0.4699829351535836,48.333333333333336,0.329329511748362,2029
Marshall Islands,0.47994311717861204,6.0,0.33600256980803084,2029
Martinique,0.459806598407281,2736.7272727272725,0.3411985858473275,2029
Mauritania,0.4392463026166098,26.214285714285715,0.30765760607403064,2029
Mauritius,0.4946245733788396,15.9375,0.3463497939137881,2029
Mayotte,0.4899943117178612,24.75,0.3431708678073881,2029
Mexico,0.41033276450511946,72.48036951501155,0.2877449821827408,2029
Micronesia (Federated States Of),0.3558361774744027,15.4,0.2491941195417883,2029
Mongolia,0.4715500568828213,55.4375,0.3304766852713418,2029
Montenegro,0.47967576791808875,48.0,0.3361121398066821,2029
Montserrat,0.4463509670079636,21.5,0.31259756646133346,2029
Morocco,0.4403100113765643,159.0681818181818,0.3093407658925135,2029
Mozambique,0.47454778156996585,828.5151515151514,0.3380366005084272,2029
Myanmar,0.4680290102389078,1143.8370370370371,0.3357010931865934,2029
Namibia,0.4299032992036405,34.68421052631579,0.30117734057411544,2029
Nepal,0.4734044368600683,133.77358490566039,0.3323281667501223,2029
Netherlands (Kingdom Of The),0.42267633674630256,158.53658536585365,0.2969934381188193,2029
Netherlands Antilles,0.3829635949943117,9.333333333333334,0.2681404530473554,2029
New Caledonia,0.45614618885096697,2.0,0.3193164614566777,2029
New Zealand,0.4779436860068259,240.6969696969697,0.33626101535825714,2029
Nicaragua,0.4158304891922639,274.703125,0.29302201851001947,2029
Niger,0.4898179749715586,2032.1958762886597,0.3572292954505405,2029
Nigeria,0.4098862343572241,101.34046692607004,0.28763629700362925,2029
Niue,0.43049488054607504,1.0,0.301353481012753,2029
North Macedonia,0.48974402730375427,20.842105263157894,0.34296806088516296,2029
Northern Mariana Islands,0.5225483503981797,2.5,0.36580150685497687,2029
Norway,0.46713026166097843,36.75,0.32725080833357517,2029
Oman,0.5089050056882821,21.65,0.35638645323213153,2029
Pakistan,0.4745790671217292,387.6181818181818,0.3349437262149991,2029
Palau,0.3770961319681457,1.0,0.2639743570082023,2029
Panama,0.499377133105802,14.673076923076923,0.3496676530408272,2029
Papua New Guinea,0.4399971558589306,171.955223880597,0.30921280922058425,2029
Paraguay,0.4697667804323094,33.44,0.3290729875465505,2029
People'S Democratic Republic Of Yemen,0.4298947667804323,170.0,0.3021273239313734,2029
Peru,0.4646302616609784,284.6795580110497,0.32725233905105483,2029
Philippines,0.48174914675767916,112.62729658792651,0.33802007296502995,2029
Poland,0.43036405005688283,83.30864197530866,0.301843379812865,2029
Portugal,0.45999715585893064,153.3548387096774,0.32308140437218624,2029
Puerto Rico,0.4713879408418657,52.27777777777778,0.3303408817726889,2029
Qatar,0.46004266211604095,18.0,0.32215702683023617,2029
Republic Of Korea,0.4726137656427759,71.64021164021165,0.3313357475741528,2029
Republic Of Moldova,0.31068543799772463,9.454545454545457,0.21754659946859306,2029
Romania,0.44417235494880547,153.5686274509804,0.3120055540735611,2029
Russian Federation,0.4397383390216155,208.08206686930092,0.3092868602313254,2029
Rwanda,0.4902645051194539,28.844827586206897,0.3433889316323625,2029
Réunion,0.4626478953356087,22.53846153846154,0.3240127526377431,2029
Saint Barthélemy,0.45381399317406146,4.0,0.31769805374384463,2029
Saint Helena,0.4332423208191126,,0.3064039678386468,2029
Saint Kitts And Nevis,0.42767064846416386,3.0,0.29939064781641594,2029
Saint Lucia,0.4899544937428897,6.0,0.3430105334030252,2029
Saint Martin (French Part),0.3705830489192264,12.0,0.2594929098094635,2029
Saint Vincent And The Grenadines,0.45550625711035264,172.7,0.3200744416646688,2029
Samoa,0.40928896473265075,59.333333333333336,0.28692144338921355,2029
Sao Tome And Principe,0.4580602957906712,41.166666666666664,0.32093303434240367,2029
Saudi Arabia,0.4992207053469852,111.75949367088607,0.35024403327058806,2029
Senegal,0.406504550625711,38.14285714285715,0.28482265062994216,2029
Serbia,0.4800056882821388,203.83333333333334,0.33744398898116534,2029
Serbia Montenegro,0.47938282138794086,12.125,0.3356536336163761,2029
Seychelles,0.2801222980659841,4.0,0.19611386716819051,2029
Sierra Leone,0.4813566552901024,149.4285714285714,0.3380053163464196,2029
Singapore,0.4759357224118316,8.0,0.33321152273228544,2029
Sint Maarten (Dutch Part),0.4849488054607508,4.0,0.3394924223445272,2029
Slovakia,0.4137343572241183,49.37931034482759,0.2899628966388344,2029
Slovenia,0.473646188850967,65.53846153846153,0.33201533721001186,2029
Solomon Islands,0.35327360637087596,40.61904761904761,0.24757848302232055,2029
Somalia,0.489792377701934,546.436170212766,0.3467150340259697,2029
South Africa,0.4607195676905575,27.308474576271188,0.32269662166580154,2029
South Sudan,0.37957053469852103,61.86363636363637,0.2661364180212859,2029
Soviet Union,0.46695961319681456,42465.06593406594,0.6268717292377702,2029
Spain,0.46258532423208193,316.7124183006536,0.3260471831726448,2029
Sri Lanka,0.4786632536973834,324.25984251968504,0.33735505356169315,2029
State Of Palestine,0.47502275312855513,7.125,0.33256626268230405,2029
Sudan,0.45660125142207053,1021.2060606060606,0.3268353194784171,2029
Suriname,0.49186860068259386,35.666666666666664,0.3445599922989972,2029
Sweden,0.3541154721274175,15.5,0.24799033226194872,2029
Switzerland,0.47689419795221843,55.0,0.33421449324407576,2029
Syrian Arab Republic,0.47483788395904436,149.37777777777777,0.33344181757630437,2029
Taiwan (Province Of China),0.422858361774744,108.17142857142858,0.2967650444158802,2029
Tajikistan,0.3374516496018203,48.50980392156863,0.2365588585616277,2029
Thailand,0.44236632536973836,81.37280701754386,0.31023129657317744,2029
Timor-Leste,0.5289391353811149,11.625,0.37033952109634777,2029
Togo,0.47859499431171787,55.285714285714285,0.33540706916158264,2029
Tokelau,0.3956114903299204,,0.28006238649621223,2029
Tonga,0.37738054607508537,9.636363636363637,0.2642344596010182,2029
Trinidad And Tobago,0.4702957906712173,9.875,0.32927681669604364,2029
Tunisia,0.4764220705346985,39.93846153846154,0.33377759984781324,2029
Turkmenistan,0.5019112627986348,22.0,0.3514933058300535,2029
Turks And Caicos Islands,0.44030432309442546,37.5,0.3084779498098634,2029
Tuvalu,0.43393060295790675,12.0,0.30383619763653974,2029
Türkiye,0.5286433447098976,442.77183098591547,0.3731783606788367,2029
Uganda,0.4248833902161547,1259.311377245509,0.3063149427165184,2029
Ukraine,0.46474971558589306,35.88235294117647,0.32557829647514014,2029
United Arab Emirates,0.43008532423208196,30.357142857142858,0.3012741889597914,2029
United Kingdom Of Great Britain And Northern Ireland,0.47933447098976106,123.16666666666667,0.3364042566828007,2029
United Republic Of Tanzania,0.47998862343572235,79.82352941176471,0.33655596014553896,2029
United States Of America,0.34049488054607513,53.69037294015612,0.2387257190285043,2029
United States Virgin Islands,0.45428043230944254,6.4,0.3180415162518125,2029
Uruguay,0.4710551763367463,9.590909090909092,0.32980637966461274,2029
Uzbekistan,0.5540045506257111,19.428571428571423,0.38794044111629156,2029
Vanuatu,0.47959044368600684,15.764705882352942,0.33582468240221125,2029
Venezuela (Bolivarian Republic Of),0.48996587030716726,319.0283018867925,0.34522992628702254,2029
Viet Nam,0.41544653014789534,91.58308157099698,0.2914595717349153,2029
Wallis And Futuna Islands,0.4796160409556314,3.0,0.3357524225604432,2029
Yemen,0.44629692832764506,58.72727272727273,0.3128227363114669,2029
Yemen Arab Republic,0.42166382252559725,571.4,0.29920140563585607,2029
Yugoslavia,0.47955062571103524,84.82142857142857,0.33628467004909923,2029
Zambia,0.5193828213879409,52.76119402985075,0.3639407133121403,2029
Zimbabwe,0.37936860068259387,118.1590909090909,0.2663927707953535,2029
Afghanistan,0.5411518771331059,134.4418604651163,0.37975609606114863,2030
Albania,0.46,46.72222222222222,0.32233007523615836,2030
Algeria,0.47586746302616606,97.97841726618705,0.3337994054333175,2030
American Samoa,0.4790984072810011,43.333333333333336,0.33567501908505215,2030
Angola,0.4331854379977247,83.87378640776699,0.30382234390804896,2030
Anguilla,0.3414050056882822,7.666666666666667,0.23903766614896735,2030
Antigua And Barbuda,0.4577389078498294,1.625,0.32042871551944374,2030
Argentina,0.4809470989761092,106.77165354330708,0.33741727156347834,2030
Armenia,0.46090443686006827,253.08333333333334,0.32442104603786154,2030
Australia,0.478617747440273,19.78481012658228,0.3351721955812563,2030
Austria,0.46228100113765647,68.44444444444444,0.32408023550616577,2030
Azerbaijan,0.47991183162684864,34.52173913043478,0.33618216546998236,2030
Azores Islands,0.48997724687144484,48.85714285714285,0.34332923047160313,2030
Bahamas,0.4330858930602958,48.04347826086956,0.30349953456407486,2030
Bahrain,0.49869169510807737,50.85714285714285,0.3494434734982468,2030
Bangladesh,0.46995164960182023,5494.018248175183,0.3677793636071774,2030
Barbados,0.4562116040955631,15.5,0.31945762463965066,2030
Belarus,0.48918088737201365,18.0,0.342553784509417,2030
Belgium,0.45406427758816836,71.99159663865547,0.318353588341105,2030
Belize,0.3930147895335609,171.0909090909091,0.27631904672820023,2030
Benin,0.2849459613196815,36.271186440677965,0.19971841545379213,2030
Bermuda,0.38438850967007965,16.666666666666668,0.26918970061072933,2030
Bhutan,0.4637571103526735,39.25,0.32490726399401276,2030
Bolivia (Plurinational State Of),0.4616154721274175,29.56153846153846,0.3233396718354469,2030
Bosnia And Herzegovina,0.4726080773606371,59.72222222222222,0.3312475695851097,2030
Botswana,0.4236262798634812,88.375,0.2971627326249111,2030
Brazil,0.3539419795221843,52.892682926829266,0.24813305292658272,2030
British Virgin Islands,0.4562571103526735,9.0,0.3194435589213752,2030
Brunei Darussalam,0.39,,0.276134343265268,2030
Bulgaria,0.38579351535836176,135.88235294117646,0.27101541936590984,2030
Burkina Faso,0.48147610921501705,287.741935483871,0.3390660669041801,2030
Burundi,0.4696843003412969,34.07692307692308,0.3290197511090374,2030
Cabo Verde,0.48019055745164957,5337.8125,0.37384306320915917,2030
Cambodia,0.5169653014789534,79.02380952380952,0.36243398505028834,2030
Cameroon,0.48988054607508535,82.41584158415841,0.3434986197207326,2030
Canada,0.46003412969283275,378.9872611464968,0.3247012957493478,2030
Canary Islands,0.4848890784982935,59.94736842105263,0.3398458609561725,2030
Cayman Islands,0.46973833902161544,56.0,0.3292124566231541,2030
Central African Republic,0.4897980659840728,36.0,0.34311297288686593,2030
Chad,0.4743828213879408,224.75999999999996,0.3336558213228322,2030
Chile,0.3931968145620023,542.3805309734513,0.2790694882353487,2030
China,0.42428612059158133,7023.609837898267,0.34661949269794845,2030
"China, Hong Kong Special Administrative Region",0.4731882821387941,326.9605263157895,0.3335416528037986,2030
"China, Macao Special Administrative Region",0.35647042093287823,10.0,0.24959994095801893,2030
Colombia,0.47019908987485776,142.88111888111888,0.33014876522278164,2030
Comoros,0.38648464163822527,48.6764705882353,0.2708831304255279,2030
Congo,0.48691126279863484,125.73469387755102,0.34172615311237226,2030
Cook Islands,0.4625881683731513,8.0,0.3238682349052092,2030
Costa Rica,0.5093970420932878,54.087719298245624,0.35696003921675384,2030
Croatia,0.43430034129692835,168.9047619047619,0.3052034886404678,2030
Cuba,0.489971558589306,81.84146341463415,0.34355827071115197,2030
Curaçao,0.4647269624573379,24.0,0.3254784248521465,2030
Cyprus,0.4402901023890785,48.214285714285715,0.3085436877857679,2030
Czechia,0.4491126279863481,54.42857142857143,0.31476335733625205,2030
Czechoslovakia,0.484212172923777,39.25,0.3392258077937852,2030
Côte D’Ivoire,0.406919795221843,31.203125,0.2850642952038734,2030
Democratic People'S Republic Of Korea,0.39,95.26190476190477,0.2736729901579087,2030
Democratic Republic Of The Congo,0.37318259385665525,90.94207317073169,0.26187028784355176,2030
Denmark,0.4803839590443686,44.294117647058826,0.33658169290557644,2030
Djibouti,0.48755972696245736,40.17391304347826,0.34157562272512815,2030
Dominica,0.42471274175199086,21.571428571428577,0.2974513133986169,2030
Dominican Republic,0.4800085324232082,83.37931034482759,0.3365950167152114,2030
Ecuador,0.47994880546075086,133.848,0.33690975048574534,2030
Egypt,0.45575085324232084,76.3048780487805,0.3195646630384185,2030
El Salvador,0.489835039817975,122.04285714285714,0.34374671556351183,2030
Equatorial Guinea,0.48994880546075087,28.0,0.34316197347653726,2030
Eritrea,0.44,37.8,0.30826704303291574,2030
Estonia,0.4716666666666666,131.1,0.3310928397252712,2030
Eswatini,0.47492605233219565,70.27272727272727,0.3329446874849753,2030
Ethiopia,0.4797866894197952,3298.0708661417325,0.35915033462733653,2030
Fiji,0.43,15.159090909090908,0.30110709337599495,2030
Finland,0.4997127417519909,88.2857142857143,0.3504226251762875,2030
France,0.4800056882821388,205.22522522522522,0.3374538221830781,2030
French Guiana,0.3818145620022753,10.0,0.26734083970659683,2030
French Polynesia,0.49953356086461886,8.5,0.3497335419644867,2030
Gabon,0.42048919226393633,24.176470588235293,0.2945132324162654,2030
Gambia,0.4597241183162685,112.5,0.3226016537526848,2030
Georgia,0.47211035267349255,24.208333333333332,0.33064826980147566,2030
German Democratic Republic,0.47051478953356085,84.16666666666667,0.3299549590739443,2030
Germany,0.4746302616609784,294.89285714285717,0.3343244922356113,2030
Germany Federal Republic,0.45722127417519914,51.875,0.32042136962984846,2030
Ghana,0.41139647326507395,40.674698795180724,0.2882648830032554,2030
Greece,0.37676621160409557,137.62878787878788,0.26470864465545074,2030
Grenada,0.44377701934015923,13.5,0.3107392860498671,2030
Guadeloupe,0.40167804323094425,195.9090909090909,0.28255865560060617,2030
Guam,0.518014789533561,35.42857142857143,0.3628606424397931,2030
Guatemala,0.4840529010238908,658.233870967742,0.34348720979796943,2030
Guinea,0.5299687144482367,72.62337662337663,0.37149115743530237,2030
Guinea-Bissau,0.48323094425483504,134.5,0.3392118537806905,2030
Guyana,0.46616609783845275,311.6666666666667,0.3285180783262134,2030
Haiti,0.36182309442548355,1585.888888888889,0.26447988511255455,2030
Honduras,0.4756882821387941,341.47727272727275,0.33539420825326394,2030
Hungary,0.45461035267349265,131.0,0.3191527134669994,2030
Iceland,0.4849203640500569,10.2,0.3395163140661441,2030
India,0.4823009101251422,5928.357235142119,0.37949229042834937,2030
Indonesia,0.484212172923777,344.37819650067297,0.341381425757321,2030
Iran (Islamic Republic Of),0.46463026166097837,434.45641025641027,0.32831045716968377,2030
Iraq,0.42907281001137654,67.0,0.3008242972514915,2030
Ireland,0.4460437997724687,27.608695652173914,0.31242570507410916,2030
Israel,0.4485295790671217,19.65,0.3141095253363184,2030
Italy,0.5004038680318544,800.6954732510288,0.35593932528417266,2030
Jamaica,0.44009385665529016,62.53061224489796,0.3085074553291781,2030
Japan,0.4881001137656427,623.0444444444445,0.3460716584212872,2030
Jordan,0.3857565415244596,35.416666666666664,0.2702797847306781,2030
Kazakhstan,0.3914050056882822,35.65625,0.27423540221307796,2030
Kenya,0.49071387940841865,58.50980392156863,0.34391306573125074,2030
Kiribati,0.46716439135381116,33.333333333333336,0.327250561631015,2030
Kuwait,0.4488594994311718,22.4,0.3143598973250296,2030
Kyrgyzstan,0.5296444823663253,29.22222222222222,0.3709575818588288,2030
Lao People'S Democratic Republic,0.488481228668942,43.707317073170735,0.34224563611354586,2030
Latvia,0.4409584755403868,42.22222222222222,0.30896921727717724,2030
Lebanon,0.4696786120591581,59.0,0.32919184164093523,2030
Lesotho,0.4835665529010239,20.625,0.3386422950347878,2030
Liberia,0.4555290102389079,251.3913043478261,0.3206462938434706,2030
Libya,0.44515073947667805,238.075,0.3132874295400613,2030
Liechtenstein,0.48366040955631395,1.0,0.33856935131992016,2030
Lithuania,0.4518117178612059,78.2857142857143,0.31682126214773393,2030
Luxembourg,0.4699829351535836,56.4,0.329386499767732,2030
Madagascar,0.48050625711035266,60.43,0.336781295598387,2030
Malawi,0.3982224118316269,95.04166666666667,0.27942712253928254,2030
Malaysia,0.4899630261660978,31.398058252427184,0.3431959339962524,2030
Maldives,0.48003697383390215,62.666666666666664,0.3364685985284242,2030
Mali,0.4421899886234357,70.21917808219177,0.31002906458359863,2030
Malta,0.41173492605233214,48.333333333333336,0.288555905377486,2030
Marshall Islands,0.43036689419795227,6.0,0.30129921372156904,2030
Martinique,0.46369169510807734,2736.7272727272725,0.3439181535378849,2030
Mauritania,0.4835864618885097,26.214285714285715,0.3386957175643605,2030
Mauritius,0.3810722411831627,15.9375,0.26686316137681426,2030
Mayotte,0.43629408418657567,24.75,0.30558070853548824,2030
Mexico,0.41204778156996585,72.48036951501155,0.2889454941281333,2030
Micronesia (Federated States Of),0.4295307167235495,15.4,0.3007802970161911,2030
Mongolia,0.43610352673492603,55.4375,0.3056641141678151,2030
Montenegro,0.47763367463026163,48.0,0.3346826745052031,2030
Montserrat,0.5503839590443687,21.5,0.385420660886817,2030
Morocco,0.4209897610921502,159.0681818181818,0.2958165906934236,2030
Mozambique,0.39706769055745167,828.5151515151514,0.28380053679966727,2030
Myanmar,0.44079351535836175,1143.8370370370371,0.3166362467702112,2030
Namibia,0.44764220705346985,34.68421052631579,0.313594576068996,2030
Nepal,0.47638794084186575,133.77358490566039,0.3344166195373806,2030
Netherlands (Kingdom Of The),0.4990216154721274,158.53658536585365,0.3504351332268967,2030
Netherlands Antilles,0.4596473265073948,9.333333333333334,0.3218190651065136,2030
New Caledonia,0.35418941979522184,2.0,0.2479467231176561,2030
New Zealand,0.3936632536973834,240.6969696969697,0.2772647127416474,2030
Nicaragua,0.44,274.703125,0.30994067607543474,2030
Niger,0.4627246871444824,2032.1958762886597,0.33826399397158713,2030
Nigeria,0.48204778156996586,101.34046692607004,0.33814938005254846,2030
Niue,0.429778156996587,1.0,0.30085177452811135,2030
North Macedonia,0.47896757679180885,20.842105263157894,0.3354245455268012,2030
Northern Mariana Islands,0.4797980659840728,2.5,0.33587630776510197,2030
Norway,0.47998577929465297,36.75,0.33624967067714734,2030
Oman,0.4299658703071672,21.65,0.30112905846535115,2030
Pakistan,0.4899943117178612,387.6181818181818,0.3457343974322915,2030
Palau,0.4873634812286689,1.0,0.3411615014905687,2030
Panama,0.47982081911262797,14.673076923076923,0.33597823324560533,2030
Papua New Guinea,0.48483788395904437,171.955223880597,0.34060131889066386,2030
Paraguay,0.42129408418657566,33.44,0.2951421001745369,2030
People'S Democratic Republic Of Yemen,0.4399118316268487,170.0,0.3091392693238649,2030
Peru,0.44999715585893063,284.6795580110497,0.3170091649896214,2030
Philippines,0.4799800910125142,112.62729658792651,0.3367817339434145,2030
Poland,0.4326023890784983,83.30864197530866,0.3034102171279959,2030
Portugal,0.4846757679180887,153.3548387096774,0.3403564328135969,2030
Puerto Rico,0.4706257110352673,52.27777777777778,0.32980732090807,2030
Qatar,0.46992320819112626,18.0,0.3290734090827958,2030
Republic Of Korea,0.4738196814562002,71.64021164021165,0.3321798886435498,2030
Republic Of Moldova,0.4972241183162685,9.454545454545457,0.34812367569157365,2030
Romania,0.37366894197952216,153.5686274509804,0.2626531649950628,2030
Russian Federation,0.42039533560864617,208.08206686930092,0.2957467578422469,2030
Rwanda,0.45511660978384527,28.844827586206897,0.31878540489743645,2030
Réunion,0.39360068259385667,22.53846153846154,0.2756797037185167,2030
Saint Barthélemy,0.4898606370875995,4.0,0.34293070448332136,2030
Saint Helena,0.4702986348122867,,0.33234338763386867,2030
Saint Kitts And Nevis,0.43425199089874855,3.0,0.3039975875206252,2030
Saint Lucia,0.45957337883959043,6.0,0.3217437529707158,2030
Saint Martin (French Part),0.4899914675767918,12.0,0.3430788028697592,2030
Saint Vincent And The Grenadines,0.3788850967007964,172.7,0.2664396293779794,2030
Samoa,0.5019795221843003,59.333333333333336,0.3518048336053683,2030
Sao Tome And Principe,0.46014220705346986,41.166666666666664,0.3223903722263627,2030
Saudi Arabia,0.4694084186575654,111.75949367088607,0.3293754325879942,2030
Senegal,0.38437428896473264,38.14285714285715,0.26933146746725734,2030
Serbia,0.4699971558589306,203.83333333333334,0.3304380162849196,2030
Serbia Montenegro,0.458151308304892,12.125,0.3207915744582419,2030
Seychelles,0.46048350398179755,4.0,0.3223667113092599,2030
Sierra Leone,0.4116012514220705,149.4285714285714,0.2891765336387973,2030
Singapore,0.4201877133105802,8.0,0.29418791636140945,2030
Sint Maarten (Dutch Part),0.4879067121729238,4.0,0.34156295704304823,2030
Slovakia,0.3862741751990899,49.37931034482759,0.27074076922131446,2030
Slovenia,0.46790386803185435,65.53846153846153,0.327995712636633,2030
Solomon Islands,0.4889647326507395,40.61904761904761,0.342562271418225,2030
Somalia,0.47172354948805456,546.436170212766,0.3340668542762541,2030
South Africa,0.4429778156996587,27.308474576271188,0.31027739527217246,2030
South Sudan,0.35146757679180884,61.86363636363637,0.2464643474865874,2030
Soviet Union,0.4960352673492605,42465.06593406594,0.6472246871444823,2030
Spain,0.4780147895335608,316.7124183006536,0.33684780888368004,2030
Sri Lanka,0.5145961319681456,324.25984251968504,0.3625080683512268,2030
State Of Palestine,0.5132650739476678,7.125,0.35933588725568294,2030
Sudan,0.515509101251422,1021.2060606060606,0.3680708143589632,2030
Suriname,0.49078213879408417,35.666666666666664,0.34379946897704045,2030
Sweden,0.36973833902161546,15.5,0.2589263390878873,2030
Switzerland,0.4553555176336746,55.0,0.3191374170210951,2030
Syrian Arab Republic,0.45995449374288966,149.37777777777777,0.32302344442499614,2030
Taiwan (Province Of China),0.4999943117178612,108.17142857142858,0.35076020937606217,2030
Tajikistan,0.509985779294653,48.50980392156863,0.35733274934661063,2030
Thailand,0.47289817974971554,81.37280701754386,0.3316035946391615,2030
Timor-Leste,0.46655290102389074,11.625,0.32666915704629085,2030
Togo,0.3716325369738339,55.285714285714285,0.26053334902506387,2030
Tokelau,0.4375767918088737,,0.3094380975314796,2030
Tonga,0.4716183162684869,9.636363636363637,0.33020089873639935,2030
Trinidad And Tobago,0.4899829351535836,9.875,0.34305781783370015,2030
Tunisia,0.46364334470989765,39.93846153846154,0.32483249177045265,2030
Turkmenistan,0.463660409556314,22.0,0.3247177085604289,2030
Turks And Caicos Islands,0.4836547212741752,37.5,0.33882322853568825,2030
Tuvalu,0.47750568828213874,12.0,0.3343387573635021,2030
Türkiye,0.46997724687144476,442.77183098591547,0.3321120921919197,2030
Uganda,0.46837599544937425,1259.311377245509,0.3367597663797721,2030
Ukraine,0.35447098976109215,35.88235294117647,0.24838318839777945,2030
United Arab Emirates,0.47478953356086456,30.357142857142858,0.33256713548993927,2030
United Kingdom Of Great Britain And Northern Ireland,0.47292377701934013,123.16666666666667,0.3319167709035061,2030
United Republic Of Tanzania,0.3696331058020477,79.82352941176471,0.2593070978019667,2030
United States Of America,0.49071387940841865,53.69037294015612,0.3438790182321448,2030
United States Virgin Islands,0.5040216154721274,6.4,0.3528603444656918,2030
Uruguay,0.4661860068259385,9.590909090909092,0.3263979610070473,2030
Uzbekistan,0.48166951080773607,19.428571428571423,0.337305913243709,2030
Vanuatu,0.4899886234357224,15.764705882352942,0.3431034082270122,2030
Venezuela (Bolivarian Republic Of),0.43,319.0283018867925,0.30325381707200544,2030
Viet Nam,0.5199857792946531,91.58308157099698,0.36463704613764575,2030
Wallis And Futuna Islands,0.39693970420932884,3.0,0.27787898683803136,2030
Yemen,0.4578896473265074,58.72727272727273,0.3209376396106705,2030
Yemen Arab Republic,0.3725113765642776,571.4,0.26479469346293233,2030
Yugoslavia,0.3699971558589306,84.82142857142857,0.25959724115262606,2030
Zambia,0.49755403868031856,52.76119402985075,0.3486605654168046,2030
Zimbabwe,0.5459442548350398,118.1590909090909,0.38299572870206566,2030
